a,word,level
0,abandon,A1
1,ability,A1
2,able,A1
3,abolish,A3
4,abortion,A3
5,about,A1
7,above,A1
9,abroad,A1
10,absence,A3
11,absent,A3
12,absolute,A1
13,absolutely,A2
14,absorb,A1
15,abstract,A1
16,absurd,A3
17,abundance,A3
18,abuse,A3
20,academic,A2
22,academy,A3
23,accelerate,A3
24,accent,A1
25,accept,A1
26,acceptable,A1
27,acceptance,A3
28,access,A2
30,accessible,A3
31,accident,A1
32,accidentally,A1
33,accommodate,A1
34,accommodation,A2
35,accompany,A1
36,accomplish,A1
37,accomplishment,A3
38,accordance,A3
39,according to,A1
40,accordingly,A3
41,account,A2
43,accountability,A3
44,accountable,A3
45,accountant,A1
46,accounting,A1
47,accumulate,A3
48,accumulation,A3
49,accuracy,A1
50,accurate,A1
51,accurately,A1
52,accusation,A3
53,accuse,A1
54,accused,A3
55,achieve,A1
56,achievement,A2
57,acid,A3
59,acknowledge,A1
60,acquire,A1
61,acquisition,A3
62,acre,A3
63,across,A1
65,act,A2
67,action,A1
68,activate,A1
69,activation,A3
70,active,A1
71,activist,A3
72,activity,A1
73,actor,A1
74,actress,A1
75,actual,A1
76,actually,A1
77,acute,A3
78,ad,A2
79,adapt,A1
80,adaptation,A3
81,add,A1
82,addiction,A1
83,addition,A2
84,additional,A1
85,additionally,A1
86,address,A1
88,adequate,A1
89,adequately,A1
90,adhere,A3
91,adjacent,A3
92,adjust,A1
93,adjustment,A3
94,administer,A3
95,administration,A1
96,administrative,A3
97,administrator,A3
98,admire,A2
99,admission,A3
100,admit,A2
101,adolescent,A3
102,adopt,A1
103,adoption,A3
104,adult,A1
106,advance,A1
109,advanced,A2
110,advantage,A1
111,adventure,A1
112,adverse,A3
113,advertise,A1
114,advertisement,A1
115,advertising,A1
116,advice,A1
117,advise,A2
118,advocate,A3
120,aesthetic,A3
121,affair,A1
122,affect,A1
123,affection,A3
124,afford,A2
125,affordable,A1
126,afraid,A1
127,after,A1
130,aftermath,A3
131,afternoon,A1
132,afterwards,A1
133,again,A1
134,against,A1
135,age,A1
137,aged,A2
138,agency,A1
139,agenda,A1
140,agent,A2
141,aggression,A3
142,aggressive,A1
143,ago,A1
144,agree,A1
145,agreement,A2
146,agricultural,A3
147,agriculture,A1
148,ah,A1
149,ahead,A2
150,aid,A1
152,aide,A3
153,aids,A1
154,aim,A2
156,air,A1
157,aircraft,A1
158,airline,A1
159,airport,A1
160,alarm,A2
162,albeit,A3
163,album,A2
164,alcohol,A2
165,alcoholic,A2
166,alert,A3
169,alien,A3
171,align,A3
172,alignment,A3
173,alike,A3
175,alive,A1
176,all,A1
179,all right,A1
182,allegation,A3
183,allege,A3
184,allegedly,A3
185,alliance,A3
186,allocate,A3
187,allocation,A3
188,allow,A1
189,allowance,A3
190,ally,A3
191,almost,A1
192,alone,A1
194,along,A1
196,alongside,A1
197,already,A1
198,also,A1
199,alter,A1
200,alternative,A2
202,although,A1
203,altogether,A1
204,aluminium,A3
205,always,A1
206,amateur,A3
208,amazed,A2
209,amazing,A1
210,ambassador,A3
211,ambition,A2
212,ambitious,A2
213,ambulance,A1
214,amend,A3
215,amendment,A3
216,amid,A3
217,among,A1
218,amount,A1
220,amusing,A1
221,analogy,A3
222,analyse,A2
223,analysis,A2
224,analyst,A1
225,ancestor,A1
226,anchor,A3
227,ancient,A1
228,and,A1
229,angel,A3
230,anger,A1
231,angle,A1
232,angrily,A1
233,angry,A1
234,animal,A1
235,animation,A1
236,ankle,A1
237,anniversary,A1
238,announce,A2
239,announcement,A2
240,annoy,A2
241,annoyed,A2
242,annoying,A2
243,annual,A1
244,annually,A1
245,anonymous,A3
246,another,A1
248,answer,A1
250,anticipate,A1
251,anxiety,A1
252,anxious,A1
253,any,A1
256,any more,A1
257,anybody,A1
258,anyone,A1
259,anything,A1
260,anyway,A1
261,anywhere,A1
263,apart,A2
264,apartment,A1
265,apologize,A2
266,apology,A1
267,app,A1
268,apparatus,A3
269,apparent,A1
270,apparently,A1
271,appeal,A1
273,appealing,A3
274,appear,A1
275,appearance,A1
276,appetite,A3
277,applaud,A3
278,apple,A1
279,applicable,A3
280,applicant,A1
281,application,A2
282,apply,A1
283,appoint,A3
284,appointment,A2
285,appreciate,A2
286,appreciation,A3
287,approach,A1
289,appropriate,A1
290,appropriately,A1
291,approval,A1
292,approve,A1
293,approximately,A2
294,april,A1
295,arbitrary,A3
296,architect,A1
297,architectural,A3
298,architecture,A1
299,archive,A3
300,area,A1
301,arena,A3
302,arguably,A3
303,argue,A1
304,argument,A1
305,arise,A1
306,arm,A1
308,armed,A1
309,arms,A1
310,army,A1
311,around,A1
313,arrange,A1
314,arrangement,A1
315,array,A3
316,arrest,A2
318,arrival,A2
319,arrive,A1
320,arrow,A1
321,art,A1
322,articulate,A3
323,artificial,A1
324,artist,A1
325,artistic,A1
326,artwork,A1
327,as,A1
330,ash,A3
331,ashamed,A1
332,aside,A1
333,ask,A1
334,asleep,A1
335,aspect,A1
336,aspiration,A3
337,aspire,A3
338,assassination,A3
339,assault,A3
341,assemble,A3
342,assembly,A3
343,assert,A3
344,assertion,A3
345,assess,A1
346,assessment,A1
347,asset,A1
348,assign,A1
349,assignment,A2
350,assist,A2
351,assistance,A1
352,assistant,A1
354,associate,A1
355,associated,A1
356,association,A1
357,assume,A1
358,assumption,A1
359,assurance,A3
360,assure,A1
361,astonishing,A1
362,asylum,A3
363,at,A1
364,athlete,A1
365,atmosphere,A2
366,atrocity,A3
367,attach,A2
368,attachment,A1
369,attack,A1
371,attain,A3
372,attempt,A1
374,attend,A1
375,attendance,A3
376,attention,A1
378,attitude,A2
379,attorney,A3
380,attract,A2
381,attraction,A2
382,attractive,A1
383,attribute,A3
385,auction,A1
386,audience,A1
387,audio,A1
388,audit,A3
389,august,A1
390,aunt,A1
391,authentic,A3
392,author,A1
393,authority,A2
394,authorize,A3
395,auto,A3
396,automatic,A1
397,automatically,A1
398,autonomy,A3
399,autumn,A1
400,availability,A3
401,available,A1
402,average,A1
405,avoid,A1
406,await,A3
407,award,A1
409,aware,A2
410,awareness,A1
411,away,A1
412,awful,A1
413,awkward,A1
414,baby,A1
415,back,A1
419,backdrop,A3
420,background,A1
421,backing,A3
422,backup,A3
423,backwards,A2
424,bacteria,A1
425,bad,A1
426,badge,A1
427,badly,A1
428,bag,A1
429,bail,A3
430,bake,A2
431,balance,A2
433,balanced,A1
434,ball,A1
435,ballet,A1
436,balloon,A1
437,ballot,A3
438,ban,A2
440,banana,A1
441,band,A1
442,bank,A1
443,banner,A3
444,bar,A1
446,bare,A3
447,barely,A1
448,bargain,A1
449,barrel,A3
450,barrier,A1
451,base,A2
453,baseball,A1
454,based,A1
455,basement,A1
456,basic,A2
457,basically,A1
458,basis,A2
459,basket,A1
460,basketball,A1
461,bass,A3
462,bat,A1
464,bath,A1
465,bathroom,A1
466,battery,A2
467,battle,A2
469,battlefield,A3
470,bay,A3
471,be,A1
473,beach,A1
474,beam,A3
475,bean,A1
476,bear,A1
478,beast,A3
479,beat,A1
481,beautiful,A1
482,beauty,A2
483,because,A1
484,become,A1
485,bed,A1
486,bedroom,A1
487,bee,A2
488,beef,A1
489,beer,A1
490,before,A1
493,beg,A1
494,begin,A1
495,beginning,A1
496,behalf,A3
497,behave,A1
498,behaviour,A1
499,behind,A1
501,being,A1
502,belief,A2
503,believe,A1
504,bell,A2
505,belong,A1
506,beloved,A3
507,below,A1
509,belt,A1
510,bench,A3
511,benchmark,A3
512,bend,A2
514,beneath,A3
515,beneficial,A1
516,beneficiary,A3
517,benefit,A1
519,bent,A1
520,beside,A1
521,besides,A1
523,best,A1
526,bet,A1
528,betray,A3
529,better,A1
532,between,A1
534,beyond,A1
536,bias,A1
537,bicycle,A1
538,bid,A1
540,big,A1
541,bike,A1
542,bill,A1
544,billion,A1
545,bin,A1
546,bind,A3
547,biography,A3
548,biological,A1
549,biology,A1
550,bird,A1
551,birth,A1
552,birthday,A1
553,biscuit,A1
554,bishop,A3
555,bit,A1
556,bite,A2
558,bitter,A1
559,bizarre,A3
560,black,A1
562,blade,A3
563,blame,A1
565,blank,A1
567,blanket,A1
568,blast,A3
570,bleed,A3
571,blend,A3
573,bless,A3
574,blessing,A3
575,blind,A1
576,block,A2
578,blog,A1
579,blonde,A1
580,blood,A1
581,blow,A1
583,blue,A1
585,board,A1
587,boast,A3
588,boat,A1
589,body,A1
590,boil,A1
591,bold,A1
592,bomb,A2
594,bombing,A1
595,bond,A1
596,bone,A1
597,bonus,A3
598,book,A1
600,booking,A1
601,boom,A3
602,boost,A1
604,boot,A1
605,border,A2
607,bored,A1
608,boring,A1
609,born,A1
610,borrow,A1
611,boss,A1
612,both,A1
614,bother,A2
615,bottle,A1
616,bottom,A1
618,bounce,A3
619,bound,A1
620,boundary,A3
621,bow,A3
623,bowl,A1
624,box,A1
625,boy,A1
626,boyfriend,A1
627,brain,A1
628,branch,A2
629,brand,A2
631,brave,A2
632,breach,A3
634,bread,A1
635,break,A1
637,breakdown,A3
638,breakfast,A1
639,breakthrough,A3
640,breast,A1
641,breath,A2
642,breathe,A2
643,breathing,A2
644,breed,A3
646,brick,A1
647,bride,A2
648,bridge,A1
649,brief,A1
650,briefly,A1
651,bright,A1
652,brilliant,A1
653,bring,A1
654,broad,A1
655,broadband,A3
656,broadcast,A1
658,broadcaster,A1
659,broadly,A1
660,broken,A1
661,brother,A1
662,brown,A1
664,browser,A3
665,brush,A1
667,brutal,A3
668,bubble,A2
669,buck,A3
670,buddy,A3
671,budget,A1
672,buffer,A3
673,bug,A1
674,build,A1
675,building,A1
676,bulk,A3
677,bullet,A1
678,bunch,A1
679,burden,A3
680,bureaucracy,A3
681,burial,A3
682,burn,A1
684,burst,A3
685,bury,A2
686,bus,A1
687,bush,A1
688,business,A1
689,businessman,A1
690,busy,A1
691,but,A1
693,butter,A1
694,button,A1
695,buy,A1
696,by,A2
698,bye,A1
699,cabin,A1
700,cabinet,A3
701,cable,A1
702,cafe,A1
703,cake,A1
704,calculate,A1
705,calculation,A3
706,call,A1
708,calm,A2
711,camera,A1
712,camp,A1
714,campaign,A2
716,camping,A1
717,campus,A2
718,can,A1
720,canal,A1
721,cancel,A1
722,cancer,A1
723,candidate,A2
724,candle,A1
725,cannot,A1
726,canvas,A3
727,cap,A2
728,capability,A3
729,capable,A1
730,capacity,A1
731,capital,A1
733,capitalism,A3
734,capitalist,A3
735,captain,A2
736,capture,A1
738,car,A1
739,carbon,A1
740,card,A1
741,care,A1
743,career,A1
744,careful,A1
745,carefully,A1
746,careless,A2
747,cargo,A3
748,carpet,A1
749,carriage,A3
750,carrot,A1
751,carry,A1
752,cartoon,A1
753,carve,A3
754,case,A1
755,cash,A1
756,casino,A3
757,cast,A1
759,castle,A1
760,casual,A1
761,casualty,A3
762,cat,A1
763,catalogue,A3
764,catch,A1
766,category,A2
767,cater,A3
768,cattle,A3
769,cause,A1
771,caution,A3
772,cautious,A3
773,cave,A1
774,cd,A1
775,cease,A3
776,ceiling,A2
777,celebrate,A1
778,celebration,A2
779,celebrity,A1
780,cell,A1
781,cemetery,A3
782,cent,A1
783,central,A2
784,centre,A1
786,century,A1
787,ceremony,A2
788,certain,A1
789,certainly,A1
790,certainty,A1
791,certificate,A1
792,chain,A2
794,chair,A1
796,chairman,A1
797,challenge,A2
799,challenging,A1
800,chamber,A3
801,champion,A2
802,championship,A1
803,chance,A1
804,change,A1
806,channel,A2
807,chaos,A3
808,chapter,A2
809,character,A1
810,characteristic,A1
812,characterize,A3
813,charge,A2
815,charity,A1
816,charm,A3
817,charming,A1
818,chart,A1
820,charter,A3
821,chase,A1
823,chat,A1
825,cheap,A1
827,cheat,A2
829,check,A1
831,cheek,A1
832,cheer,A1
834,cheerful,A2
835,cheese,A1
836,chef,A1
837,chemical,A2
839,chemistry,A1
840,chest,A2
841,chicken,A1
842,chief,A1
844,child,A1
845,childhood,A2
846,chip,A1
847,chocolate,A1
848,choice,A1
849,choir,A1
850,choose,A1
851,chop,A1
852,chronic,A3
853,chunk,A3
854,church,A1
855,cigarette,A1
856,cinema,A1
857,circle,A1
859,circuit,A1
860,circulate,A3
861,circulation,A3
862,circumstance,A1
863,cite,A1
864,citizen,A1
865,citizenship,A3
866,city,A1
867,civic,A3
868,civil,A1
869,civilian,A3
871,civilization,A1
872,claim,A2
874,clarify,A1
875,clarity,A3
876,clash,A3
877,class,A1
878,classic,A1
880,classical,A1
881,classification,A3
882,classify,A1
883,classroom,A1
884,clause,A2
885,clean,A1
887,cleaning,A1
888,clear,A1
890,clearly,A1
891,clerk,A1
892,clever,A1
893,click,A2
895,client,A2
896,cliff,A1
897,climate,A1
898,climb,A2
900,cling,A3
901,clinic,A1
902,clinical,A3
903,clip,A1
904,clock,A1
905,close,A1
909,closed,A1
910,closely,A1
911,closure,A3
912,cloth,A2
913,clothes,A1
914,clothing,A1
915,cloud,A1
916,club,A1
917,clue,A2
918,cluster,A3
919,coach,A1
921,coal,A2
922,coalition,A3
923,coast,A1
924,coastal,A3
925,coat,A1
926,cocktail,A3
927,code,A1
928,coffee,A1
929,cognitive,A3
930,coin,A2
931,coincide,A3
932,coincidence,A1
933,cold,A1
935,collaborate,A3
936,collaboration,A3
937,collapse,A1
939,colleague,A1
940,collect,A1
941,collection,A2
942,collective,A3
943,collector,A1
944,college,A1
945,collision,A3
946,colonial,A3
947,colony,A1
948,colour,A1
949,coloured,A2
950,colourful,A1
951,column,A1
952,columnist,A3
953,combat,A3
955,combination,A1
956,combine,A2
957,come,A1
958,comedy,A1
959,comfort,A1
961,comfortable,A1
962,comic,A1
964,command,A1
966,commander,A1
967,commence,A3
968,comment,A1
970,commentary,A3
971,commentator,A3
972,commerce,A3
973,commercial,A2
975,commission,A1
977,commissioner,A3
978,commit,A2
979,commitment,A1
980,committee,A1
981,commodity,A3
982,common,A1
983,commonly,A1
984,communicate,A1
985,communication,A2
986,communist,A3
987,community,A1
988,companion,A3
989,company,A1
990,comparable,A3
991,comparative,A1
992,compare,A1
993,comparison,A2
994,compassion,A3
995,compel,A3
996,compelling,A3
997,compensate,A3
998,compensation,A3
999,compete,A1
1000,competence,A3
1001,competent,A3
1002,competition,A1
1003,competitive,A2
1004,competitor,A2
1005,compile,A3
1006,complain,A1
1007,complaint,A2
1008,complement,A3
1009,complete,A1
1011,completely,A1
1012,completion,A1
1013,complex,A2
1015,complexity,A3
1016,compliance,A3
1017,complicated,A1
1018,complication,A3
1019,comply,A3
1020,component,A1
1021,compose,A1
1022,composer,A1
1023,composition,A3
1024,compound,A1
1025,comprehensive,A1
1026,comprise,A1
1027,compromise,A3
1029,compulsory,A1
1030,compute,A3
1031,computer,A1
1032,conceal,A3
1033,concede,A3
1034,conceive,A3
1035,concentrate,A2
1036,concentration,A1
1037,concept,A1
1038,conception,A3
1039,concern,A1
1041,concerned,A1
1042,concert,A1
1043,concession,A3
1044,conclude,A2
1045,conclusion,A2
1046,concrete,A1
1048,condemn,A3
1049,condition,A1
1050,conduct,A1
1052,confer,A3
1053,conference,A1
1054,confess,A1
1055,confession,A3
1056,confidence,A1
1057,confident,A2
1058,configuration,A3
1059,confine,A3
1060,confirm,A2
1061,confirmation,A3
1062,conflict,A1
1064,confront,A3
1065,confrontation,A3
1066,confuse,A2
1067,confused,A2
1068,confusing,A1
1069,confusion,A1
1070,congratulate,A3
1071,congregation,A3
1072,congressional,A3
1073,connect,A1
1074,connected,A1
1075,connection,A2
1076,conquer,A3
1077,conscience,A3
1078,conscious,A1
1079,consciousness,A3
1080,consecutive,A3
1081,consensus,A3
1082,consent,A3
1084,consequence,A2
1085,consequently,A1
1086,conservation,A1
1087,conservative,A1
1089,conserve,A3
1090,consider,A1
1091,considerable,A1
1092,considerably,A1
1093,consideration,A1
1094,consist,A2
1095,consistency,A3
1096,consistent,A1
1097,consistently,A1
1098,consolidate,A3
1099,conspiracy,A1
1100,constant,A1
1101,constantly,A1
1102,constituency,A3
1103,constitute,A3
1104,constitution,A3
1105,constitutional,A3
1106,constraint,A3
1107,construct,A1
1108,construction,A1
1109,consult,A1
1110,consultant,A1
1111,consultation,A3
1112,consume,A2
1113,consumer,A2
1114,consumption,A1
1115,contact,A2
1117,contain,A1
1118,container,A2
1119,contemplate,A3
1120,contemporary,A1
1121,contempt,A3
1122,contend,A3
1123,contender,A3
1124,content,A3
1126,contention,A3
1127,contest,A1
1129,context,A1
1130,continent,A1
1131,continually,A3
1132,continue,A1
1133,continuous,A2
1134,contract,A1
1136,contractor,A3
1137,contradiction,A3
1138,contrary,A3
1140,contrast,A2
1142,contribute,A1
1143,contribution,A1
1144,contributor,A3
1145,control,A1
1147,controversial,A1
1148,controversy,A1
1149,convenience,A1
1150,convenient,A2
1151,convention,A1
1152,conventional,A1
1153,conversation,A1
1154,conversion,A3
1155,convert,A1
1156,convey,A1
1157,convict,A3
1158,conviction,A3
1159,convince,A2
1160,convinced,A1
1161,convincing,A1
1162,cook,A1
1164,cooker,A1
1165,cooking,A1
1166,cool,A1
1168,cooperate,A3
1169,cooperative,A3
1170,coordinate,A3
1171,coordination,A3
1172,coordinator,A3
1173,cop,A3
1174,cope,A1
1175,copper,A3
1176,copy,A1
1178,copyright,A3
1179,core,A1
1181,corner,A1
1182,corporate,A1
1183,corporation,A1
1184,correct,A1
1186,correction,A3
1187,correctly,A1
1188,correlate,A3
1189,correlation,A3
1190,correspond,A3
1191,correspondence,A3
1192,correspondent,A3
1193,corresponding,A3
1194,corridor,A1
1195,corrupt,A3
1196,corruption,A3
1197,cost,A1
1199,costly,A3
1200,costume,A2
1201,cottage,A2
1202,cotton,A2
1203,could,A1
1204,council,A1
1205,councillor,A3
1206,counselling,A3
1207,counsellor,A3
1208,count,A2
1210,counter,A1
1212,counterpart,A3
1213,countless,A3
1214,country,A1
1215,countryside,A2
1216,county,A1
1217,coup,A3
1218,couple,A1
1219,courage,A1
1220,course,A1
1221,court,A2
1222,courtesy,A3
1223,cousin,A1
1224,cover,A2
1226,coverage,A1
1227,covered,A2
1228,cow,A1
1229,crack,A1
1231,craft,A1
1233,crash,A1
1235,crawl,A3
1236,crazy,A1
1237,cream,A2
1239,create,A1
1240,creation,A1
1241,creative,A1
1242,creativity,A1
1243,creator,A3
1244,creature,A1
1245,credibility,A3
1246,credible,A3
1247,credit,A1
1249,creep,A3
1250,crew,A1
1251,crime,A1
1252,criminal,A2
1254,crisis,A1
1255,criterion,A1
1256,critic,A1
1257,critical,A1
1258,critically,A1
1259,criticism,A1
1260,criticize,A1
1261,critique,A3
1262,crop,A1
1263,cross,A1
1265,crowd,A1
1266,crowded,A1
1267,crown,A3
1268,crucial,A1
1269,crude,A3
1270,cruel,A2
1271,cruise,A1
1273,crush,A3
1274,cry,A1
1276,crystal,A3
1277,cue,A1
1278,cult,A3
1280,cultivate,A3
1281,cultural,A2
1282,culture,A1
1283,cup,A1
1284,cupboard,A1
1285,cure,A1
1287,curiosity,A3
1288,curious,A1
1289,curly,A1
1290,currency,A2
1291,current,A2
1293,currently,A2
1294,curriculum,A1
1295,curtain,A2
1296,curve,A1
1298,curved,A1
1299,custody,A3
1300,custom,A2
1301,customer,A1
1302,cut,A2
1304,cute,A1
1305,cutting,A3
1306,cycle,A1
1308,cynical,A3
1309,dad,A1
1310,daily,A1
1312,dairy,A1
1314,dam,A3
1315,damage,A2
1317,damaging,A3
1318,dance,A1
1320,dancer,A1
1321,dancing,A1
1322,danger,A1
1323,dangerous,A1
1324,dare,A1
1325,dark,A1
1327,darkness,A1
1328,data,A1
1329,database,A1
1330,date,A1
1332,daughter,A1
1333,dawn,A3
1334,day,A1
1335,dead,A1
1336,deadline,A1
1337,deadly,A1
1338,deal,A2
1340,dealer,A1
1341,dear,A1
1343,death,A1
1344,debate,A1
1346,debris,A3
1347,debt,A1
1348,debut,A3
1349,decade,A2
1350,december,A1
1351,decent,A1
1352,decide,A1
1353,decision,A1
1354,decision-making,A3
1355,decisive,A3
1356,deck,A1
1357,declaration,A3
1358,declare,A1
1359,decline,A1
1361,decorate,A2
1362,decoration,A1
1363,decrease,A1
1365,dedicated,A3
1366,dedication,A3
1367,deed,A3
1368,deem,A3
1369,deep,A1
1371,deeply,A1
1372,default,A3
1373,defeat,A1
1375,defect,A3
1376,defence,A1
1377,defend,A1
1378,defender,A1
1379,defensive,A3
1380,deficiency,A3
1381,deficit,A3
1382,define,A2
1383,definite,A2
1384,definitely,A1
1385,definition,A2
1386,defy,A3
1387,degree,A1
1388,delay,A1
1390,delegate,A3
1391,delegation,A3
1392,delete,A1
1393,deliberate,A1
1394,deliberately,A1
1395,delicate,A3
1396,delicious,A1
1397,delight,A1
1399,delighted,A1
1400,deliver,A2
1401,delivery,A1
1402,demand,A1
1404,democracy,A1
1405,democratic,A1
1406,demon,A3
1407,demonstrate,A1
1408,demonstration,A1
1409,denial,A3
1410,denounce,A3
1411,dense,A3
1412,density,A3
1413,dentist,A1
1414,deny,A1
1415,depart,A1
1416,department,A1
1417,departure,A2
1418,depend,A1
1419,dependence,A3
1420,dependent,A1
1421,depict,A3
1422,deploy,A3
1423,deployment,A3
1424,deposit,A1
1426,depressed,A1
1427,depressing,A1
1428,depression,A1
1429,deprive,A3
1430,depth,A1
1431,deputy,A3
1432,derive,A1
1433,descend,A3
1434,descent,A3
1435,describe,A1
1436,description,A1
1437,desert,A1
1439,deserve,A1
1440,design,A1
1442,designate,A3
1443,designer,A1
1444,desirable,A3
1445,desire,A1
1447,desk,A1
1448,desktop,A3
1449,desperate,A1
1450,desperately,A1
1451,despite,A2
1452,destination,A2
1453,destroy,A1
1454,destruction,A1
1455,destructive,A3
1456,detail,A1
1458,detailed,A1
1459,detain,A3
1460,detect,A1
1461,detection,A3
1462,detective,A1
1463,detention,A3
1464,deteriorate,A3
1465,determination,A1
1466,determine,A2
1467,determined,A2
1468,devastate,A3
1469,develop,A1
1470,development,A2
1471,device,A1
1472,devil,A3
1473,devise,A3
1474,devote,A1
1475,diagnose,A3
1476,diagnosis,A3
1477,diagram,A2
1478,dialogue,A1
1479,diamond,A2
1480,diary,A1
1481,dictate,A3
1482,dictator,A3
1483,dictionary,A1
1484,die,A1
1485,diet,A1
1486,differ,A1
1487,difference,A1
1488,different,A1
1489,differentiate,A3
1490,differently,A1
1491,difficult,A1
1492,difficulty,A2
1493,dig,A1
1494,digital,A1
1495,dignity,A3
1496,dilemma,A3
1497,dimension,A3
1498,diminish,A3
1499,dinner,A1
1500,dip,A3
1501,diplomat,A3
1502,diplomatic,A3
1503,direct,A1
1506,direction,A1
1507,directly,A2
1508,director,A1
1509,directory,A3
1510,dirt,A2
1511,dirty,A1
1512,disability,A1
1513,disabled,A1
1514,disadvantage,A2
1515,disagree,A1
1516,disagreement,A1
1517,disappear,A1
1518,disappoint,A1
1519,disappointed,A2
1520,disappointing,A2
1521,disappointment,A1
1522,disaster,A1
1523,disastrous,A3
1524,disc,A1
1525,discard,A3
1526,discharge,A3
1527,discipline,A1
1528,disclose,A3
1529,disclosure,A3
1530,discount,A2
1532,discourage,A1
1533,discourse,A3
1534,discover,A1
1535,discovery,A1
1536,discretion,A3
1537,discrimination,A3
1538,discuss,A1
1539,discussion,A1
1540,disease,A1
1541,dish,A1
1542,dishonest,A1
1543,disk,A1
1544,dislike,A2
1546,dismiss,A1
1547,dismissal,A3
1548,disorder,A1
1549,displace,A3
1550,display,A1
1552,disposal,A3
1553,dispose,A3
1554,dispute,A3
1556,disrupt,A3
1557,disruption,A3
1558,dissolve,A3
1559,distance,A1
1560,distant,A1
1561,distinct,A1
1562,distinction,A3
1563,distinctive,A3
1564,distinguish,A1
1565,distort,A3
1566,distract,A1
1567,distress,A3
1569,distribute,A1
1570,distribution,A1
1571,district,A1
1572,disturb,A1
1573,disturbing,A3
1574,dive,A1
1576,diverse,A1
1577,diversity,A1
1578,divert,A3
1579,divide,A1
1581,divine,A3
1582,division,A1
1583,divorce,A1
1585,divorced,A1
1586,do,A1
1588,doctor,A1
1589,doctrine,A3
1590,document,A1
1592,documentary,A2
1593,documentation,A3
1594,dog,A1
1595,dollar,A1
1596,domain,A3
1597,domestic,A1
1598,dominance,A3
1599,dominant,A1
1600,dominate,A1
1601,donate,A2
1602,donation,A1
1603,donor,A3
1604,door,A1
1605,dose,A3
1606,dot,A1
1607,double,A1
1612,doubt,A2
1614,down,A1
1616,download,A1
1618,downstairs,A1
1620,downtown,A1
1623,downwards,A1
1624,dozen,A1
1626,draft,A1
1628,drag,A1
1629,drain,A3
1630,drama,A1
1631,dramatic,A1
1632,dramatically,A1
1633,draw,A1
1634,drawing,A1
1635,dream,A1
1637,dress,A1
1639,dressed,A2
1640,drift,A3
1641,drink,A1
1643,drive,A1
1645,driver,A1
1646,driving,A3
1648,drop,A2
1650,drought,A1
1651,drown,A3
1652,drug,A1
1653,drum,A2
1654,drunk,A2
1655,dry,A1
1657,dual,A3
1658,dub,A3
1659,due,A2
1660,dull,A1
1661,dumb,A3
1662,dump,A1
1663,duo,A3
1664,duration,A1
1665,during,A1
1666,dust,A2
1667,duty,A2
1668,dvd,A1
1669,dynamic,A1
1671,each,A1
1674,eager,A3
1675,ear,A1
1676,early,A1
1678,earn,A1
1679,earnings,A3
1680,earth,A1
1681,earthquake,A2
1682,ease,A3
1684,easily,A1
1685,east,A1
1688,eastern,A2
1689,easy,A1
1690,eat,A1
1691,echo,A3
1693,ecological,A3
1694,economic,A2
1695,economics,A1
1696,economist,A1
1697,economy,A2
1698,edge,A2
1699,edit,A1
1700,edition,A1
1701,editor,A2
1702,editorial,A1
1703,educate,A2
1704,educated,A2
1705,education,A1
1706,educational,A2
1707,educator,A3
1708,effect,A1
1709,effective,A2
1710,effectively,A2
1711,effectiveness,A3
1712,efficiency,A3
1713,efficient,A1
1714,efficiently,A1
1715,effort,A2
1716,egg,A1
1717,ego,A3
1718,eight,A1
1719,eighteen,A1
1720,eighty,A1
1721,either,A1
1724,elaborate,A3
1725,elbow,A1
1726,elderly,A1
1727,elect,A1
1728,election,A2
1729,electoral,A3
1730,electric,A1
1731,electrical,A1
1732,electricity,A1
1733,electronic,A1
1734,electronics,A1
1735,elegant,A1
1736,element,A2
1737,elementary,A1
1738,elephant,A1
1739,elevate,A3
1740,eleven,A1
1741,eligible,A3
1742,eliminate,A1
1743,elite,A3
1744,else,A1
1745,elsewhere,A1
1746,email,A1
1748,embark,A3
1749,embarrassed,A2
1750,embarrassing,A2
1751,embarrassment,A3
1752,embassy,A3
1753,embed,A3
1754,embody,A3
1755,embrace,A1
1756,emerge,A1
1757,emergence,A3
1758,emergency,A2
1759,emission,A1
1760,emotion,A2
1761,emotional,A1
1762,emotionally,A1
1763,emphasis,A1
1764,emphasize,A1
1765,empire,A1
1766,empirical,A3
1767,employ,A1
1768,employee,A1
1769,employer,A1
1770,employment,A2
1771,empower,A3
1772,empty,A1
1774,enable,A1
1775,enact,A3
1776,encompass,A3
1777,encounter,A1
1779,encourage,A2
1780,encouragement,A3
1781,encouraging,A3
1782,end,A1
1784,endeavour,A3
1785,ending,A1
1786,endless,A3
1787,endorse,A3
1788,endorsement,A3
1789,endure,A3
1790,enemy,A2
1791,energy,A1
1792,enforce,A3
1793,enforcement,A3
1794,engage,A1
1795,engaged,A2
1796,engagement,A3
1797,engaging,A3
1798,engine,A1
1799,engineer,A1
1800,engineering,A2
1801,enhance,A1
1802,enjoy,A1
1803,enjoyable,A1
1804,enormous,A1
1805,enough,A1
1808,enquire,A3
1809,enquiry,A1
1810,enrich,A3
1811,enrol,A3
1812,ensue,A3
1813,ensure,A1
1814,enter,A1
1815,enterprise,A3
1816,entertain,A2
1817,entertaining,A1
1818,entertainment,A2
1819,enthusiasm,A1
1820,enthusiast,A3
1821,enthusiastic,A1
1822,entire,A1
1823,entirely,A1
1824,entitle,A3
1825,entity,A3
1826,entrance,A2
1827,entrepreneur,A1
1828,entry,A2
1829,envelope,A1
1830,environment,A1
1831,environmental,A2
1832,epidemic,A3
1833,episode,A2
1834,equal,A2
1837,equality,A3
1838,equally,A2
1839,equation,A3
1840,equip,A1
1841,equipment,A1
1842,equivalent,A1
1844,era,A1
1845,erect,A3
1846,error,A1
1847,erupt,A1
1848,escalate,A3
1849,escape,A2
1851,especially,A1
1852,essay,A1
1853,essence,A3
1854,essential,A2
1855,essentially,A1
1856,establish,A1
1857,establishment,A3
1858,estate,A1
1859,estimate,A1
1861,eternal,A3
1862,ethic,A1
1863,ethical,A1
1864,ethnic,A1
1865,euro,A1
1866,evacuate,A3
1867,evaluate,A1
1868,evaluation,A1
1869,even,A1
1871,evening,A1
1872,event,A1
1873,eventually,A2
1874,ever,A1
1875,every,A1
1876,everybody,A1
1877,everyday,A1
1878,everyone,A1
1879,everything,A1
1880,everywhere,A1
1881,evidence,A1
1882,evident,A1
1883,evil,A1
1885,evoke,A3
1886,evolution,A1
1887,evolutionary,A3
1888,evolve,A1
1889,exact,A1
1890,exactly,A1
1891,exaggerate,A3
1892,exam,A1
1893,examination,A1
1894,examine,A2
1895,example,A1
1896,exceed,A1
1897,excellence,A3
1898,excellent,A1
1899,except,A2
1901,exception,A1
1902,exceptional,A3
1903,excess,A3
1905,excessive,A1
1906,exchange,A2
1908,excited,A1
1909,excitement,A2
1910,exciting,A1
1911,exclude,A1
1912,exclusion,A3
1913,exclusive,A3
1914,exclusively,A3
1915,excuse,A1
1917,execute,A3
1918,execution,A3
1919,executive,A1
1921,exercise,A1
1923,exert,A3
1924,exhibit,A1
1926,exhibition,A2
1927,exile,A3
1928,exist,A1
1929,existence,A1
1930,exit,A1
1932,exotic,A1
1933,expand,A2
1934,expansion,A1
1935,expect,A1
1936,expectation,A1
1937,expected,A2
1938,expedition,A2
1939,expenditure,A3
1940,expense,A1
1941,expensive,A1
1942,experience,A1
1944,experienced,A2
1945,experiment,A1
1947,experimental,A3
1948,expert,A1
1950,expertise,A1
1951,expire,A3
1952,explain,A1
1953,explanation,A1
1954,explicit,A3
1955,explicitly,A3
1956,explode,A2
1957,exploit,A1
1958,exploitation,A3
1959,exploration,A1
1960,explore,A2
1961,explosion,A2
1962,explosive,A3
1964,export,A2
1966,expose,A1
1967,exposure,A1
1968,express,A1
1969,expression,A1
1970,extend,A1
1971,extension,A1
1972,extensive,A1
1973,extensively,A1
1974,extent,A1
1975,external,A1
1976,extra,A1
1979,extract,A1
1981,extraordinary,A1
1982,extreme,A1
1984,extremely,A1
1985,extremist,A3
1986,eye,A1
1987,fabric,A1
1988,fabulous,A1
1989,face,A1
1991,facilitate,A3
1992,facility,A1
1993,fact,A1
1994,faction,A3
1995,factor,A1
1996,factory,A1
1997,faculty,A3
1998,fade,A3
1999,fail,A1
2000,failed,A1
2001,failure,A1
2002,fair,A1
2003,fairly,A2
2004,fairness,A3
2005,faith,A1
2006,fake,A1
2007,fall,A1
2009,false,A1
2010,fame,A1
2011,familiar,A2
2012,family,A1
2014,famous,A1
2015,fan,A1
2016,fancy,A2
2018,fantastic,A1
2019,fantasy,A1
2020,far,A2
2022,fare,A1
2023,farm,A1
2025,farmer,A1
2026,farming,A1
2027,fascinating,A2
2028,fashion,A1
2029,fashionable,A2
2030,fast,A1
2032,fasten,A2
2033,fat,A1
2035,fatal,A3
2036,fate,A3
2037,father,A1
2038,fault,A1
2039,favour,A2
2041,favourable,A3
2042,favourite,A1
2044,fear,A1
2046,feat,A3
2047,feather,A1
2048,feature,A1
2050,february,A1
2051,federal,A1
2052,fee,A1
2053,feed,A1
2055,feedback,A1
2056,feeding,A2
2057,feel,A1
2059,feeling,A1
2060,fellow,A1
2061,female,A1
2063,feminist,A3
2065,fence,A2
2066,festival,A1
2067,fever,A1
2068,few,A1
2071,fibre,A3
2072,fiction,A1
2073,field,A1
2074,fierce,A3
2075,fifteen,A1
2076,fifth,A1
2077,fifty,A1
2078,fight,A1
2080,fighting,A2
2081,figure,A1
2083,file,A2
2085,fill,A1
2086,film,A1
2088,film-maker,A3
2089,filter,A3
2091,final,A1
2093,finally,A1
2094,finance,A1
2096,financial,A2
2097,find,A1
2098,finding,A1
2099,fine,A1
2102,finger,A1
2103,finish,A1
2105,fire,A1
2107,firearm,A3
2108,firefighter,A1
2109,firework,A1
2110,firm,A1
2112,firmly,A1
2113,first,A1
2117,firstly,A1
2118,fish,A1
2120,fishing,A1
2121,fit,A1
2124,fitness,A2
2125,five,A1
2126,fix,A1
2128,fixed,A2
2129,fixture,A3
2130,flag,A2
2131,flame,A1
2132,flash,A1
2134,flat,A1
2136,flavour,A1
2137,flaw,A3
2138,flawed,A3
2139,flee,A3
2140,fleet,A3
2141,flesh,A3
2142,flexibility,A3
2143,flexible,A1
2144,flight,A1
2145,float,A1
2146,flood,A2
2148,floor,A1
2149,flour,A2
2150,flourish,A3
2151,flow,A2
2153,flower,A1
2154,flu,A1
2155,fluid,A3
2156,fly,A1
2158,flying,A1
2160,focus,A1
2162,fold,A1
2164,folding,A1
2165,folk,A2
2167,follow,A1
2168,following,A1
2171,fond,A1
2172,food,A1
2173,fool,A1
2174,foot,A1
2175,footage,A3
2176,football,A1
2177,for,A1
2178,forbid,A1
2179,force,A2
2181,forecast,A1
2183,foreign,A1
2184,foreigner,A3
2185,forest,A1
2186,forever,A2
2187,forge,A3
2188,forget,A1
2189,forgive,A1
2190,fork,A1
2191,form,A1
2193,formal,A1
2194,format,A1
2195,formation,A1
2196,former,A1
2197,formerly,A1
2198,formula,A3
2199,formulate,A3
2200,forth,A3
2201,forthcoming,A3
2202,fortunate,A1
2203,fortunately,A1
2204,fortune,A1
2205,forty,A1
2206,forum,A1
2207,forward,A1
2209,fossil,A1
2210,foster,A3
2211,found,A1
2212,foundation,A1
2213,founder,A1
2214,four,A1
2215,fourteen,A1
2216,fourth,A1
2217,fraction,A1
2218,fragile,A3
2219,fragment,A1
2220,frame,A2
2222,framework,A1
2223,franchise,A3
2224,frankly,A3
2225,fraud,A1
2226,free,A1
2229,freedom,A1
2230,freely,A1
2231,freeze,A2
2232,frequency,A1
2233,frequent,A1
2234,frequently,A2
2235,fresh,A1
2236,friday,A1
2237,fridge,A1
2238,friend,A1
2239,friendly,A1
2240,friendship,A2
2241,frighten,A2
2242,frightened,A2
2243,frightening,A2
2244,frog,A1
2245,from,A1
2246,front,A1
2248,frozen,A2
2249,fruit,A1
2250,frustrated,A3
2251,frustrating,A3
2252,frustration,A3
2253,fry,A2
2254,fuel,A2
2256,fulfil,A1
2257,full,A1
2258,full-time,A1
2260,fully,A1
2261,fun,A1
2263,function,A2
2265,functional,A3
2266,fund,A1
2268,fundamental,A1
2269,fundamentally,A1
2270,funding,A1
2271,fundraising,A3
2272,funeral,A3
2273,funny,A1
2274,fur,A2
2275,furious,A1
2276,furniture,A1
2277,further,A1
2279,furthermore,A1
2280,future,A1
2282,gain,A1
2284,gallery,A1
2285,gallon,A3
2286,gambling,A3
2287,game,A1
2288,gaming,A1
2289,gang,A1
2290,gap,A1
2291,garage,A2
2292,garden,A1
2293,gas,A1
2294,gate,A1
2295,gather,A2
2296,gathering,A3
2297,gay,A1
2298,gaze,A3
2300,gear,A3
2301,gender,A1
2302,gene,A1
2303,general,A1
2304,generally,A2
2305,generate,A1
2306,generation,A2
2307,generic,A3
2308,generous,A2
2309,genetic,A1
2310,genius,A1
2311,genocide,A3
2312,genre,A1
2313,gentle,A2
2314,gentleman,A2
2315,genuine,A1
2316,genuinely,A1
2317,geography,A1
2318,gesture,A1
2319,get,A1
2320,ghost,A2
2321,giant,A2
2323,gift,A1
2324,gig,A1
2325,girl,A1
2326,girlfriend,A1
2327,give,A1
2328,glad,A2
2329,glance,A3
2331,glass,A1
2332,glimpse,A3
2333,global,A2
2334,globalization,A1
2335,globe,A1
2336,glorious,A3
2337,glory,A3
2338,glove,A2
2339,go,A2
2341,goal,A1
2342,god,A1
2343,gold,A1
2345,golden,A1
2346,golf,A1
2347,good,A1
2349,goodbye,A1
2351,goodness,A1
2352,goods,A2
2353,gorgeous,A1
2354,govern,A1
2355,governance,A3
2356,government,A1
2357,governor,A1
2358,grab,A1
2359,grace,A3
2360,grade,A2
2362,gradually,A1
2363,graduate,A2
2365,grain,A2
2366,grand,A1
2367,grandfather,A1
2368,grandmother,A1
2369,grandparent,A1
2370,grant,A1
2372,graphic,A1
2373,graphics,A1
2374,grasp,A3
2376,grass,A1
2377,grateful,A2
2378,grave,A3
2380,gravity,A3
2381,great,A1
2382,greatly,A1
2383,green,A1
2385,greenhouse,A1
2386,greet,A1
2387,grey,A1
2389,grid,A3
2390,grief,A3
2391,grin,A3
2393,grind,A3
2394,grip,A3
2396,grocery,A1
2397,gross,A3
2398,ground,A1
2399,group,A1
2400,grow,A1
2401,growth,A2
2402,guarantee,A1
2404,guard,A2
2406,guerrilla,A3
2407,guess,A1
2409,guest,A1
2410,guidance,A3
2411,guide,A1
2413,guideline,A1
2414,guilt,A3
2415,guilty,A2
2416,guitar,A1
2417,gun,A1
2418,gut,A3
2419,guy,A1
2420,gym,A1
2421,habit,A1
2422,habitat,A1
2423,hail,A3
2424,hair,A1
2425,half,A1
2429,halfway,A3
2430,hall,A1
2431,halt,A3
2433,hand,A1
2435,handful,A3
2436,handle,A1
2438,handling,A3
2439,handy,A3
2440,hang,A2
2441,happen,A1
2442,happily,A1
2443,happiness,A2
2444,happy,A1
2445,harassment,A3
2446,harbour,A1
2447,hard,A1
2449,hardly,A2
2450,hardware,A3
2451,harm,A1
2453,harmful,A1
2454,harmony,A3
2455,harsh,A3
2456,harvest,A3
2458,hat,A1
2459,hate,A2
2461,hatred,A3
2462,haunt,A3
2463,have,A1
2465,have to,A1
2466,hazard,A3
2467,he,A1
2468,head,A1
2470,headache,A1
2471,headline,A2
2472,headquarters,A1
2473,heal,A1
2474,health,A1
2475,healthcare,A1
2476,healthy,A1
2477,hear,A1
2478,hearing,A1
2479,heart,A1
2480,heat,A1
2482,heating,A2
2483,heaven,A1
2484,heavily,A2
2485,heavy,A1
2486,heel,A1
2487,height,A1
2488,heighten,A3
2489,helicopter,A2
2490,hell,A1
2491,hello,A1
2493,helmet,A1
2494,help,A1
2496,helpful,A1
2497,hence,A1
2498,her,A1
2500,herb,A1
2501,here,A1
2502,heritage,A3
2503,hero,A1
2504,hers,A1
2505,herself,A1
2506,hesitate,A1
2507,hey,A1
2508,hi,A1
2509,hidden,A1
2510,hide,A1
2511,hierarchy,A3
2512,high,A1
2515,high-profile,A3
2516,highlight,A2
2518,highly,A2
2519,highway,A1
2520,hilarious,A1
2521,hill,A1
2522,him,A1
2523,himself,A1
2524,hint,A3
2526,hip,A1
2527,hire,A1
2529,his,A1
2531,historian,A1
2532,historic,A2
2533,historical,A2
2534,history,A1
2535,hit,A1
2537,hobby,A1
2538,hockey,A1
2539,hold,A1
2541,hole,A1
2542,holiday,A1
2543,hollow,A1
2544,holy,A1
2545,home,A1
2548,homeland,A3
2549,homeless,A1
2550,homework,A1
2551,honest,A2
2552,honesty,A1
2553,honour,A1
2555,hook,A1
2557,hope,A1
2559,hopeful,A3
2560,hopefully,A1
2561,horizon,A3
2562,horn,A3
2563,horrible,A2
2564,horror,A2
2565,horse,A1
2566,hospital,A1
2567,host,A2
2569,hostage,A3
2570,hostile,A3
2571,hostility,A3
2572,hot,A1
2573,hotel,A1
2574,hour,A1
2575,house,A1
2577,household,A1
2578,housing,A1
2579,how,A1
2580,however,A1
2581,huge,A1
2582,human,A1
2584,humanitarian,A3
2585,humanity,A3
2586,humble,A3
2587,humorous,A1
2588,humour,A1
2589,hundred,A1
2590,hunger,A1
2591,hungry,A1
2592,hunt,A1
2594,hunting,A1
2595,hurricane,A2
2596,hurry,A2
2598,hurt,A1
2601,husband,A1
2602,hydrogen,A3
2603,hypothesis,A1
2604,i,A1
2605,ice,A1
2606,ice cream,A1
2607,icon,A1
2608,id,A1
2609,idea,A1
2610,ideal,A1
2612,identical,A1
2613,identification,A3
2614,identify,A1
2615,identity,A2
2616,ideological,A3
2617,ideology,A3
2618,idiot,A3
2619,if,A1
2620,ignorance,A3
2621,ignore,A2
2622,ill,A1
2623,illegal,A2
2624,illness,A1
2625,illusion,A1
2626,illustrate,A1
2627,illustration,A1
2628,image,A1
2629,imagery,A3
2630,imaginary,A2
2631,imagination,A1
2632,imagine,A1
2633,immediate,A2
2634,immediately,A1
2635,immense,A3
2636,immigrant,A2
2637,immigration,A1
2638,imminent,A3
2639,immune,A1
2640,impact,A2
2642,impatient,A1
2643,implement,A1
2644,implementation,A3
2645,implication,A1
2646,imply,A1
2647,import,A2
2649,importance,A2
2650,important,A1
2651,impose,A1
2652,impossible,A1
2653,impress,A1
2654,impressed,A1
2655,impression,A2
2656,impressive,A2
2657,imprison,A3
2658,imprisonment,A3
2659,improve,A1
2660,improvement,A2
2661,in,A1
2663,inability,A3
2664,inadequate,A3
2665,inappropriate,A3
2666,incentive,A1
2667,inch,A1
2668,incidence,A3
2669,incident,A1
2670,inclined,A3
2671,include,A1
2672,included,A1
2673,including,A1
2674,inclusion,A3
2675,income,A1
2676,incorporate,A1
2677,incorrect,A1
2678,increase,A1
2680,increasingly,A1
2681,incredible,A1
2682,incredibly,A2
2683,incur,A3
2684,indeed,A2
2685,independence,A1
2686,independent,A1
2687,index,A1
2688,indicate,A2
2689,indication,A1
2690,indicator,A3
2691,indictment,A3
2692,indigenous,A3
2693,indirect,A2
2694,individual,A1
2696,indoor,A2
2697,indoors,A2
2698,induce,A3
2699,indulge,A3
2700,industrial,A1
2701,industry,A1
2702,inequality,A3
2703,inevitable,A1
2704,inevitably,A1
2705,infamous,A3
2706,infant,A3
2707,infect,A3
2708,infection,A1
2709,infer,A1
2710,inflation,A1
2711,inflict,A3
2712,influence,A2
2714,influential,A3
2715,info,A1
2716,inform,A1
2717,informal,A1
2718,information,A1
2719,infrastructure,A1
2720,ingredient,A2
2721,inhabitant,A1
2722,inherent,A3
2723,inherit,A1
2724,inhibit,A3
2725,initial,A1
2726,initially,A1
2727,initiate,A3
2728,initiative,A1
2729,inject,A3
2730,injection,A3
2731,injure,A2
2732,injured,A2
2733,injury,A1
2734,injustice,A3
2735,ink,A1
2736,inmate,A3
2737,inner,A1
2738,innocent,A2
2739,innovation,A1
2740,innovative,A1
2741,input,A1
2742,inquiry,A1
2743,insect,A1
2744,insert,A1
2745,insertion,A3
2746,inside,A1
2750,insider,A3
2751,insight,A1
2752,insist,A1
2753,inspect,A3
2754,inspection,A3
2755,inspector,A1
2756,inspiration,A3
2757,inspire,A1
2758,install,A1
2759,installation,A1
2760,instance,A1
2761,instant,A1
2762,instantly,A1
2763,instead,A1
2764,instinct,A3
2765,institute,A1
2766,institution,A1
2767,institutional,A3
2768,instruct,A3
2769,instruction,A1
2770,instructor,A1
2771,instrument,A1
2772,instrumental,A3
2773,insufficient,A3
2774,insult,A3
2776,insurance,A1
2777,intact,A3
2778,intake,A3
2779,integral,A3
2780,integrate,A1
2781,integrated,A3
2782,integration,A3
2783,integrity,A3
2784,intellectual,A1
2786,intelligence,A2
2787,intelligent,A1
2788,intend,A2
2789,intended,A1
2790,intense,A1
2791,intensify,A3
2792,intensity,A3
2793,intensive,A3
2794,intent,A3
2795,intention,A2
2796,interact,A1
2797,interaction,A1
2798,interactive,A3
2799,interest,A1
2801,interested,A1
2802,interesting,A1
2803,interface,A3
2804,interfere,A3
2805,interference,A3
2806,interim,A3
2807,interior,A3
2809,intermediate,A3
2810,internal,A1
2811,international,A1
2812,internet,A1
2813,interpret,A1
2814,interpretation,A1
2815,interrupt,A1
2816,interval,A1
2817,intervene,A3
2818,intervention,A3
2819,interview,A1
2821,intimate,A3
2822,into,A1
2823,intriguing,A3
2824,introduce,A1
2825,introduction,A1
2826,invade,A1
2827,invasion,A1
2828,invent,A1
2829,invention,A1
2830,invest,A2
2831,investigate,A2
2832,investigation,A1
2833,investigator,A3
2834,investment,A1
2835,investor,A1
2836,invisible,A3
2837,invitation,A1
2838,invite,A1
2839,invoke,A3
2840,involve,A1
2841,involved,A2
2842,involvement,A3
2843,iron,A2
2845,ironic,A3
2846,ironically,A3
2847,irony,A3
2848,irrelevant,A3
2849,island,A1
2850,isolate,A1
2851,isolated,A1
2852,isolation,A3
2853,issue,A2
2855,it,A2
2857,item,A1
2858,its,A1
2859,itself,A1
2860,jacket,A1
2861,jail,A1
2863,jam,A1
2864,january,A1
2865,jazz,A1
2866,jeans,A1
2867,jet,A1
2868,jewellery,A1
2869,job,A1
2870,join,A1
2871,joint,A1
2873,joke,A1
2875,journal,A2
2876,journalism,A1
2877,journalist,A1
2878,journey,A1
2879,joy,A1
2880,judge,A2
2882,judgement,A1
2883,judicial,A3
2884,juice,A1
2885,july,A1
2886,jump,A1
2888,junction,A3
2889,june,A1
2890,junior,A1
2891,jurisdiction,A3
2892,jury,A1
2893,just,A3
2895,justice,A1
2896,justification,A3
2897,justify,A1
2898,keen,A2
2899,keep,A1
2900,key,A1
2903,keyboard,A2
2904,kick,A2
2906,kid,A1
2907,kidnap,A3
2908,kidney,A3
2909,kill,A1
2910,killing,A2
2911,kilometre,A1
2912,kind,A2
2914,king,A1
2915,kingdom,A3
2916,kiss,A2
2918,kit,A1
2919,kitchen,A1
2920,knee,A1
2921,knife,A1
2922,knock,A2
2924,know,A1
2925,knowledge,A1
2926,lab,A1
2927,label,A2
2929,laboratory,A2
2930,labour,A1
2931,lack,A2
2933,lad,A3
2934,ladder,A1
2935,lady,A1
2936,lake,A1
2937,lamp,A1
2938,land,A1
2940,landing,A1
2941,landlord,A3
2942,landmark,A3
2943,landscape,A1
2944,lane,A1
2945,language,A1
2946,lap,A3
2947,laptop,A1
2948,large,A1
2949,large-scale,A3
2950,largely,A1
2951,laser,A3
2952,last,A1
2956,late,A1
2958,lately,A1
2959,later,A1
2961,latest,A2
2963,latter,A3
2965,laugh,A1
2967,laughter,A1
2968,launch,A1
2970,law,A1
2971,lawn,A3
2972,lawsuit,A3
2973,lawyer,A1
2974,lay,A2
2975,layer,A2
2976,layout,A3
2977,lazy,A1
2978,lead,A2
2980,leader,A1
2981,leadership,A1
2982,leading,A2
2983,leaf,A2
2984,leaflet,A1
2985,league,A1
2986,leak,A3
2988,lean,A1
2989,leap,A3
2991,learn,A1
2992,learning,A1
2993,least,A1
2996,leather,A2
2997,leave,A1
2999,lecture,A1
3001,left,A1
3004,leg,A1
3005,legacy,A3
3006,legal,A2
3007,legend,A1
3008,legendary,A3
3009,legislation,A3
3010,legislative,A3
3011,legislature,A3
3012,legitimate,A3
3013,leisure,A2
3014,lemon,A1
3015,lend,A1
3016,length,A2
3017,lengthy,A3
3018,lens,A1
3019,lesbian,A3
3020,less,A1
3023,lesser,A3
3024,lesson,A1
3025,let,A1
3026,lethal,A3
3027,letter,A1
3028,level,A2
3031,liable,A3
3032,liberal,A3
3034,liberation,A3
3035,liberty,A3
3036,library,A1
3037,licence,A1
3038,license,A3
3039,lie,A2
3042,life,A1
3043,lifelong,A3
3044,lifestyle,A1
3045,lifetime,A1
3046,lift,A1
3048,light,A1
3051,lighting,A1
3052,like,A2
3055,likelihood,A3
3056,likely,A1
3057,likewise,A1
3058,limb,A3
3059,limit,A2
3061,limitation,A1
3062,limited,A1
3063,line,A1
3065,line-up,A3
3066,linear,A3
3067,linger,A3
3068,link,A1
3070,lion,A1
3071,lip,A2
3072,liquid,A2
3074,list,A1
3076,listen,A1
3077,listener,A1
3078,listing,A3
3079,literacy,A3
3080,literally,A1
3081,literary,A1
3082,literature,A2
3083,litre,A1
3084,litter,A1
3085,little,A1
3089,live,A2
3092,lively,A1
3093,liver,A3
3094,living,A2
3096,load,A1
3098,loan,A1
3099,lobby,A3
3101,local,A1
3103,locate,A2
3104,located,A2
3105,location,A2
3106,lock,A1
3108,log,A3
3110,logic,A3
3111,logical,A1
3112,logo,A1
3113,lonely,A2
3114,long,A1
3116,long-standing,A3
3117,long-term,A1
3119,long-time,A3
3120,look,A1
3122,loom,A3
3123,loop,A3
3124,loose,A1
3125,lord,A1
3126,lorry,A1
3127,lose,A1
3128,loss,A2
3129,lost,A1
3130,lot,A1
3133,lottery,A1
3134,loud,A1
3136,loudly,A1
3137,love,A1
3139,lovely,A1
3140,low,A1
3143,lower,A1
3144,loyal,A1
3145,loyalty,A3
3146,luck,A1
3147,lucky,A1
3148,lunch,A1
3149,lung,A1
3150,luxury,A2
3152,lyric,A1
3153,machine,A1
3154,machinery,A3
3155,mad,A2
3156,magazine,A1
3157,magic,A2
3159,magical,A3
3160,magistrate,A3
3161,magnetic,A3
3162,magnificent,A1
3163,magnitude,A3
3164,mail,A1
3166,main,A1
3167,mainland,A3
3168,mainly,A2
3169,mainstream,A3
3171,maintain,A1
3172,maintenance,A3
3173,major,A1
3175,majority,A1
3176,make,A1
3178,make-up,A1
3179,making,A1
3180,male,A1
3182,mall,A2
3183,man,A1
3184,manage,A1
3185,management,A2
3186,manager,A1
3187,mandate,A3
3188,mandatory,A3
3189,manifest,A3
3190,manipulate,A3
3191,manipulation,A3
3192,manner,A1
3193,manufacture,A1
3194,manufacturing,A1
3195,manuscript,A3
3196,many,A1
3198,map,A1
3200,marathon,A1
3201,march,A1
3204,margin,A1
3205,marginal,A3
3206,marine,A3
3207,mark,A1
3209,marker,A1
3210,market,A1
3212,marketing,A2
3213,marketplace,A3
3214,marriage,A2
3215,married,A1
3216,marry,A1
3217,martial,A1
3218,mask,A3
3219,mass,A1
3221,massacre,A3
3222,massive,A1
3223,master,A1
3225,match,A1
3227,matching,A1
3228,mate,A1
3230,material,A1
3232,mathematical,A3
3233,mathematics,A1
3234,maths,A1
3235,matter,A1
3237,mature,A3
3239,maximize,A3
3240,maximum,A1
3242,may,A1
3244,maybe,A1
3245,mayor,A1
3246,me,A1
3247,meal,A1
3248,mean,A1
3249,meaning,A1
3250,meaningful,A3
3251,means,A1
3252,meantime,A3
3253,meanwhile,A2
3254,measure,A2
3256,measurement,A1
3257,meat,A1
3258,mechanic,A1
3259,mechanical,A1
3260,mechanism,A1
3261,medal,A1
3262,media,A1
3263,medical,A1
3264,medication,A1
3265,medicine,A1
3266,medieval,A3
3267,meditation,A3
3268,medium,A2
3270,meet,A1
3271,meeting,A1
3272,melody,A3
3273,melt,A1
3274,member,A1
3275,membership,A1
3276,memo,A3
3277,memoir,A3
3278,memorable,A1
3279,memorial,A3
3280,memory,A1
3281,mental,A2
3282,mention,A2
3284,mentor,A3
3285,menu,A1
3286,merchant,A3
3287,mercy,A3
3288,mere,A3
3289,merely,A3
3290,merge,A3
3291,merger,A3
3292,merit,A3
3293,mess,A2
3294,message,A1
3295,metal,A1
3296,metaphor,A1
3297,method,A1
3298,methodology,A3
3299,metre,A1
3300,middle,A1
3302,midnight,A1
3303,midst,A3
3304,might,A1
3305,migration,A3
3306,mild,A2
3307,mile,A1
3308,militant,A3
3310,military,A1
3312,militia,A3
3313,milk,A1
3314,mill,A3
3315,million,A1
3316,mind,A1
3318,mine,A2
3320,miner,A1
3321,mineral,A1
3322,minimal,A3
3323,minimize,A3
3324,minimum,A1
3326,mining,A3
3327,minister,A1
3328,ministry,A3
3329,minor,A1
3330,minority,A1
3331,minute,A3
3333,miracle,A3
3334,mirror,A1
3335,miserable,A1
3336,misery,A3
3337,misleading,A3
3338,miss,A1
3339,missile,A3
3340,missing,A1
3341,mission,A1
3342,mistake,A1
3344,mix,A2
3346,mixed,A1
3347,mixture,A2
3348,mob,A3
3349,mobile,A1
3351,mobility,A3
3352,mobilize,A3
3353,mode,A1
3354,model,A1
3356,moderate,A3
3357,modern,A1
3358,modest,A1
3359,modification,A3
3360,modify,A1
3361,moment,A1
3362,momentum,A3
3363,monday,A1
3364,money,A1
3365,monitor,A1
3367,monk,A3
3368,monkey,A1
3369,monopoly,A3
3370,monster,A1
3371,month,A1
3372,monthly,A1
3373,monument,A1
3374,mood,A2
3375,moon,A1
3376,moral,A1
3378,morality,A3
3379,more,A1
3382,moreover,A1
3383,morning,A1
3384,mortgage,A1
3385,mosque,A1
3386,most,A1
3389,mostly,A1
3390,mother,A1
3391,motion,A1
3392,motivate,A1
3393,motivation,A1
3394,motive,A3
3395,motor,A1
3397,motorcycle,A1
3398,motorist,A3
3399,mount,A1
3400,mountain,A1
3401,mouse,A1
3402,mouth,A1
3403,move,A2
3405,movement,A1
3406,movie,A1
3407,moving,A1
3408,much,A1
3411,mud,A2
3412,multiple,A1
3413,multiply,A1
3414,mum,A1
3415,municipal,A3
3416,murder,A2
3418,muscle,A2
3419,museum,A1
3420,music,A1
3421,musical,A1
3423,musician,A1
3424,must,A1
3425,mutual,A3
3426,my,A1
3427,myself,A1
3428,mysterious,A1
3429,mystery,A2
3430,myth,A1
3431,nail,A2
3432,naked,A1
3433,name,A1
3435,namely,A3
3436,narrative,A2
3438,narrow,A1
3440,nasty,A1
3441,nation,A2
3442,national,A1
3444,nationwide,A3
3445,native,A2
3447,natural,A1
3448,naturally,A2
3449,nature,A1
3450,naval,A3
3451,navigation,A1
3452,near,A1
3455,nearby,A1
3457,nearly,A1
3458,neat,A1
3459,necessarily,A2
3460,necessary,A1
3461,necessity,A1
3462,neck,A1
3463,need,A1
3466,needle,A2
3467,negative,A1
3469,neglect,A3
3471,negotiate,A1
3472,negotiation,A1
3473,neighbour,A1
3474,neighbourhood,A2
3475,neighbouring,A3
3476,neither,A2
3479,nerve,A1
3480,nervous,A1
3481,nest,A3
3482,net,A3
3484,network,A1
3485,neutral,A1
3486,never,A1
3487,nevertheless,A1
3488,new,A1
3489,newly,A1
3490,news,A1
3491,newsletter,A3
3492,newspaper,A1
3493,next,A1
3496,next to,A1
3497,nice,A1
3498,niche,A3
3499,night,A1
3500,nightmare,A1
3501,nine,A1
3502,nineteen,A1
3503,ninety,A1
3504,no,A1
3506,no one,A1
3507,noble,A3
3508,nobody,A1
3509,nod,A3
3510,noise,A1
3511,noisy,A1
3512,nominate,A3
3513,nomination,A3
3514,nominee,A3
3515,non-profit,A3
3516,none,A1
3517,nonetheless,A3
3518,nonsense,A3
3519,noon,A3
3520,nor,A2
3522,norm,A1
3523,normal,A1
3525,normally,A1
3526,north,A1
3529,northern,A2
3530,nose,A1
3531,not,A1
3532,notable,A3
3533,notably,A3
3534,note,A1
3536,notebook,A1
3537,nothing,A1
3538,notice,A1
3540,notify,A3
3541,notion,A1
3542,notorious,A3
3543,novel,A3
3545,novelist,A1
3546,november,A1
3547,now,A1
3549,nowadays,A1
3550,nowhere,A1
3551,nuclear,A2
3552,number,A1
3554,numerous,A1
3555,nurse,A1
3556,nursery,A3
3557,nursing,A1
3558,nut,A1
3559,nutrition,A1
3560,o'clock,A1
3561,obesity,A1
3562,obey,A1
3563,object,A1
3565,objection,A3
3566,objective,A1
3568,obligation,A1
3569,oblige,A3
3570,observation,A1
3571,observe,A1
3572,observer,A1
3573,obsess,A3
3574,obsession,A3
3575,obstacle,A1
3576,obtain,A1
3577,obvious,A2
3578,obviously,A2
3579,occasion,A2
3580,occasional,A3
3581,occasionally,A1
3582,occupation,A1
3583,occupy,A1
3584,occur,A2
3585,occurrence,A3
3586,ocean,A1
3587,october,A1
3588,odd,A2
3589,odds,A3
3590,of,A1
3591,off,A1
3593,offence,A1
3594,offend,A1
3595,offender,A1
3596,offensive,A1
3597,offer,A1
3599,offering,A3
3600,office,A1
3601,officer,A1
3602,official,A2
3604,offspring,A3
3605,often,A1
3606,oh,A1
3607,oil,A1
3608,ok,A1
3611,old,A1
3612,old-fashioned,A2
3613,on,A1
3615,once,A1
3617,one,A1
3620,ongoing,A1
3621,onion,A1
3622,online,A1
3624,only,A1
3626,onto,A1
3627,open,A1
3629,opening,A1
3630,openly,A1
3631,opera,A1
3632,operate,A1
3633,operation,A2
3634,operational,A3
3635,operator,A1
3636,opinion,A1
3637,opponent,A1
3638,opportunity,A1
3639,oppose,A1
3640,opposed,A1
3641,opposite,A1
3645,opposition,A1
3646,opt,A3
3647,optical,A3
3648,optimism,A3
3649,optimistic,A1
3650,option,A1
3651,or,A1
3652,oral,A3
3653,orange,A1
3655,orchestra,A1
3656,order,A1
3658,ordinary,A1
3659,organ,A1
3660,organic,A1
3661,organization,A1
3662,organizational,A3
3663,organize,A1
3664,organized,A2
3665,organizer,A2
3666,orientation,A3
3667,origin,A1
3668,original,A1
3670,originally,A2
3671,originate,A3
3672,other,A1
3674,otherwise,A1
3675,ought,A2
3676,our,A1
3677,ours,A2
3678,ourselves,A1
3679,out,A1
3681,outbreak,A3
3682,outcome,A1
3683,outdoor,A2
3684,outdoors,A2
3685,outer,A1
3686,outfit,A1
3687,outing,A3
3688,outlet,A3
3689,outline,A1
3691,outlook,A3
3692,output,A1
3693,outrage,A3
3695,outside,A1
3699,outsider,A3
3700,outstanding,A1
3701,oven,A1
3702,over,A1
3704,overall,A1
3706,overcome,A1
3707,overlook,A3
3708,overly,A3
3709,overnight,A1
3710,overseas,A1
3712,oversee,A3
3713,overturn,A3
3714,overwhelm,A3
3715,overwhelming,A3
3716,owe,A1
3717,own,A1
3720,owner,A1
3721,ownership,A1
3722,oxygen,A1
3723,pace,A1
3725,pack,A2
3727,package,A2
3729,packet,A1
3730,pad,A3
3731,page,A1
3732,pain,A1
3733,painful,A2
3734,paint,A1
3736,painter,A1
3737,painting,A1
3738,pair,A1
3739,palace,A1
3740,pale,A2
3741,palm,A1
3742,pan,A2
3743,panel,A1
3744,panic,A1
3745,pants,A1
3746,paper,A1
3747,parade,A1
3748,paragraph,A1
3749,parallel,A1
3751,parameter,A3
3752,parent,A1
3753,parental,A3
3754,parish,A3
3755,park,A1
3757,parking,A1
3758,parliament,A1
3759,parliamentary,A3
3760,part,A1
3761,part-time,A1
3762,partial,A3
3763,partially,A3
3764,participant,A1
3765,participate,A2
3766,participation,A1
3767,particular,A1
3768,particularly,A2
3769,partly,A1
3770,partner,A1
3771,partnership,A1
3772,party,A1
3773,pass,A2
3775,passage,A1
3776,passenger,A1
3777,passing,A3
3778,passion,A2
3779,passionate,A1
3780,passive,A3
3781,passport,A1
3782,password,A1
3783,past,A1
3787,pastor,A3
3788,patch,A3
3789,patent,A3
3790,path,A2
3791,pathway,A3
3792,patience,A1
3793,patient,A1
3795,patrol,A3
3797,patron,A3
3798,pattern,A1
3799,pause,A1
3801,pay,A1
3803,payment,A2
3804,peace,A1
3805,peaceful,A2
3806,peak,A3
3807,peasant,A3
3808,peculiar,A3
3809,peer,A1
3810,pen,A1
3811,penalty,A1
3812,pencil,A1
3813,penny,A1
3814,pension,A1
3815,people,A1
3816,pepper,A1
3817,per,A1
3818,per cent,A1
3821,perceive,A1
3822,percentage,A2
3823,perception,A1
3824,perfect,A1
3825,perfectly,A2
3826,perform,A1
3827,performance,A2
3828,perhaps,A1
3829,period,A1
3830,permanent,A1
3831,permanently,A1
3832,permission,A1
3833,permit,A1
3835,persist,A3
3836,persistent,A3
3837,person,A1
3838,personal,A1
3839,personality,A1
3840,personally,A2
3841,personnel,A3
3842,perspective,A1
3843,persuade,A2
3844,pet,A1
3845,petition,A3
3846,petrol,A1
3847,phase,A1
3848,phenomenon,A1
3849,philosopher,A3
3850,philosophical,A3
3851,philosophy,A1
3852,phone,A1
3854,photo,A1
3855,photograph,A1
3857,photographer,A2
3858,photography,A2
3859,phrase,A1
3860,physical,A1
3861,physician,A3
3862,physics,A1
3863,piano,A1
3864,pick,A1
3866,picture,A1
3868,piece,A1
3869,pig,A1
3870,pile,A1
3872,pill,A1
3873,pilot,A1
3874,pin,A2
3876,pink,A1
3878,pioneer,A3
3880,pipe,A2
3881,pipeline,A3
3882,pirate,A3
3883,pit,A3
3884,pitch,A1
3885,pity,A1
3886,place,A1
3888,placement,A1
3889,plain,A1
3890,plan,A1
3892,plane,A1
3893,planet,A1
3894,planning,A2
3895,plant,A1
3897,plastic,A1
3899,plate,A1
3900,platform,A1
3901,play,A1
3903,player,A1
3904,plea,A3
3905,plead,A3
3906,pleasant,A2
3907,please,A1
3909,pleased,A1
3910,pleasure,A2
3911,pledge,A3
3913,plenty,A2
3914,plot,A2
3916,plug,A3
3918,plunge,A3
3919,plus,A1
3923,pocket,A1
3924,poem,A2
3925,poet,A2
3926,poetry,A2
3927,point,A1
3929,pointed,A1
3930,poison,A2
3932,poisonous,A2
3933,pole,A3
3934,police,A1
3935,policeman,A1
3936,policy,A2
3937,polite,A1
3938,political,A2
3939,politician,A2
3940,politics,A2
3941,poll,A3
3942,pollution,A1
3943,pond,A3
3944,pool,A1
3945,poor,A1
3946,pop,A1
3949,popular,A1
3950,popularity,A1
3951,population,A1
3952,port,A2
3953,portfolio,A3
3954,portion,A1
3955,portrait,A2
3956,portray,A3
3957,pose,A1
3958,position,A1
3960,positive,A1
3962,possess,A1
3963,possession,A1
3964,possibility,A1
3965,possible,A1
3966,possibly,A2
3967,post,A1
3969,post-war,A3
3970,poster,A1
3971,postpone,A3
3972,pot,A2
3973,potato,A1
3974,potential,A1
3976,potentially,A1
3977,pound,A1
3978,pour,A2
3979,poverty,A2
3980,powder,A2
3981,power,A1
3983,powerful,A2
3984,practical,A2
3985,practice,A1
3986,practise,A1
3987,practitioner,A3
3988,praise,A1
3990,pray,A2
3991,prayer,A2
3992,preach,A3
3993,precede,A1
3994,precedent,A3
3995,precious,A1
3996,precise,A1
3997,precisely,A1
3998,precision,A3
3999,predator,A3
4000,predecessor,A3
4001,predict,A1
4002,predictable,A1
4003,prediction,A2
4004,predominantly,A3
4005,prefer,A1
4006,preference,A1
4007,pregnancy,A3
4008,pregnant,A1
4009,prejudice,A3
4010,preliminary,A3
4011,premier,A3
4012,premise,A3
4013,premium,A3
4014,preparation,A1
4015,prepare,A1
4016,prepared,A2
4017,prescribe,A3
4018,prescription,A3
4019,presence,A1
4020,present,A1
4023,presentation,A2
4024,presently,A3
4025,preservation,A3
4026,preserve,A1
4027,preside,A3
4028,presidency,A3
4029,president,A1
4030,presidential,A3
4031,press,A2
4033,pressure,A2
4034,prestigious,A3
4035,presumably,A3
4036,presume,A3
4037,pretend,A2
4038,pretty,A1
4040,prevail,A3
4041,prevalence,A3
4042,prevent,A1
4043,prevention,A3
4044,previous,A2
4045,previously,A2
4046,prey,A3
4047,price,A1
4049,pride,A1
4050,priest,A2
4051,primarily,A1
4052,primary,A2
4053,prime,A1
4054,prince,A2
4055,princess,A2
4056,principal,A1
4058,principle,A1
4059,print,A1
4061,printer,A1
4062,printing,A2
4063,prior,A1
4064,priority,A1
4065,prison,A1
4066,prisoner,A2
4067,privacy,A1
4068,private,A2
4069,privatization,A3
4070,privilege,A3
4071,prize,A1
4072,probability,A1
4073,probable,A1
4074,probably,A1
4075,probe,A3
4077,problem,A1
4078,problematic,A3
4079,procedure,A1
4080,proceed,A1
4081,proceeding,A3
4082,proceeds,A3
4083,process,A1
4085,processing,A3
4086,processor,A3
4087,proclaim,A3
4088,produce,A1
4090,producer,A2
4091,product,A1
4092,production,A2
4093,productive,A3
4094,productivity,A3
4095,profession,A2
4096,professional,A1
4098,professor,A1
4099,profile,A1
4100,profit,A2
4101,profitable,A3
4102,profound,A3
4103,program,A1
4105,programme,A1
4106,programming,A1
4107,progress,A1
4109,progressive,A1
4110,prohibit,A1
4111,project,A1
4113,projection,A3
4114,prominent,A3
4115,promise,A1
4117,promising,A1
4118,promote,A2
4119,promotion,A1
4120,prompt,A1
4121,pronounce,A1
4122,pronounced,A3
4123,proof,A1
4124,propaganda,A3
4125,proper,A2
4126,properly,A2
4127,property,A2
4128,proportion,A1
4129,proposal,A1
4130,propose,A1
4131,proposition,A3
4132,prosecute,A3
4133,prosecution,A3
4134,prosecutor,A3
4135,prospect,A1
4136,prospective,A3
4137,prosperity,A3
4138,protect,A1
4139,protection,A1
4140,protective,A3
4141,protein,A1
4142,protest,A2
4144,protester,A1
4145,protocol,A3
4146,proud,A2
4147,prove,A2
4148,provide,A1
4149,province,A3
4150,provincial,A3
4151,provision,A3
4152,provoke,A3
4153,psychiatric,A3
4154,psychological,A1
4155,psychologist,A1
4156,psychology,A1
4157,pub,A1
4158,public,A1
4160,publication,A1
4161,publicity,A1
4162,publish,A1
4163,publishing,A1
4164,pull,A2
4166,pulse,A3
4167,pump,A3
4169,punch,A3
4171,punish,A2
4172,punishment,A2
4173,punk,A1
4174,pupil,A1
4175,purchase,A1
4177,pure,A1
4178,purely,A1
4179,purple,A1
4181,purpose,A1
4182,pursue,A1
4183,pursuit,A1
4184,push,A2
4186,put,A1
4187,puzzle,A1
4188,qualification,A2
4189,qualified,A2
4190,qualify,A2
4191,quality,A1
4192,quantity,A1
4193,quarter,A1
4194,queen,A1
4195,query,A3
4196,quest,A3
4197,question,A1
4199,questionnaire,A1
4200,queue,A2
4202,quick,A1
4203,quickly,A1
4204,quiet,A1
4205,quietly,A1
4206,quit,A2
4207,quite,A1
4208,quota,A3
4209,quotation,A2
4210,quote,A2
4212,race,A1
4214,racial,A1
4215,racing,A2
4216,racism,A1
4217,racist,A1
4219,radar,A3
4220,radiation,A1
4221,radical,A3
4222,radio,A1
4223,rage,A3
4224,raid,A3
4226,rail,A1
4227,railway,A1
4228,rain,A1
4230,raise,A1
4231,rally,A3
4233,random,A1
4234,range,A2
4236,rank,A1
4238,ranking,A3
4239,rape,A3
4241,rapid,A1
4242,rapidly,A1
4243,rare,A2
4244,rarely,A2
4245,rat,A1
4246,rate,A1
4248,rather,A1
4249,rating,A1
4250,ratio,A3
4251,rational,A3
4252,raw,A1
4253,ray,A3
4254,reach,A1
4256,react,A1
4257,reaction,A2
4258,read,A1
4259,reader,A1
4260,readily,A3
4261,reading,A1
4262,ready,A1
4263,real,A1
4264,realistic,A1
4265,reality,A2
4266,realization,A3
4267,realize,A1
4268,really,A1
4269,realm,A3
4270,rear,A3
4272,reason,A1
4273,reasonable,A1
4274,reasonably,A1
4275,reasoning,A3
4276,reassure,A3
4277,rebel,A3
4278,rebellion,A3
4279,rebuild,A1
4280,recall,A1
4281,receipt,A2
4282,receive,A1
4283,receiver,A1
4284,recent,A1
4285,recently,A1
4286,reception,A1
4287,recession,A1
4288,recipe,A1
4289,recipient,A3
4290,reckon,A1
4291,recognition,A1
4292,recognize,A1
4293,recommend,A1
4294,recommendation,A2
4295,reconstruction,A3
4296,record,A1
4298,recording,A1
4299,recount,A3
4300,recover,A1
4301,recovery,A1
4302,recruit,A1
4304,recruitment,A1
4305,recycle,A1
4306,red,A1
4308,reduce,A1
4309,reduction,A1
4310,refer,A1
4311,referee,A1
4312,reference,A2
4313,referendum,A3
4314,reflect,A2
4315,reflection,A3
4316,reform,A3
4318,refuge,A3
4319,refugee,A1
4320,refusal,A3
4321,refuse,A1
4322,regain,A3
4323,regard,A1
4325,regardless,A3
4326,regime,A3
4327,region,A1
4328,regional,A1
4329,register,A1
4331,registration,A1
4332,regret,A1
4334,regular,A1
4335,regularly,A2
4336,regulate,A1
4337,regulation,A1
4338,regulator,A3
4339,regulatory,A3
4340,rehabilitation,A3
4341,reign,A3
4343,reinforce,A1
4344,reject,A2
4345,rejection,A3
4346,relate,A2
4347,related,A2
4348,relation,A2
4349,relationship,A1
4350,relative,A2
4352,relatively,A1
4353,relax,A1
4354,relaxed,A2
4355,relaxing,A2
4356,release,A2
4358,relevance,A3
4359,relevant,A1
4360,reliability,A3
4361,reliable,A2
4362,relief,A1
4363,relieve,A1
4364,relieved,A1
4365,religion,A2
4366,religious,A2
4367,reluctant,A3
4368,rely,A1
4369,remain,A2
4370,remainder,A3
4371,remains,A3
4372,remark,A1
4374,remarkable,A1
4375,remarkably,A1
4376,remedy,A3
4377,remember,A1
4378,remind,A2
4379,reminder,A3
4380,remote,A2
4381,removal,A3
4382,remove,A1
4383,render,A3
4384,renew,A3
4385,renowned,A3
4386,rent,A2
4388,rental,A3
4389,repair,A2
4391,repeat,A2
4393,repeated,A2
4394,replace,A1
4395,replacement,A3
4396,reply,A1
4398,report,A1
4400,reportedly,A3
4401,reporter,A1
4402,reporting,A1
4403,represent,A2
4404,representation,A3
4405,representative,A1
4407,reproduce,A3
4408,reproduction,A3
4409,republic,A3
4410,reputation,A1
4411,request,A1
4413,require,A2
4414,requirement,A1
4415,rescue,A1
4417,research,A1
4419,researcher,A1
4420,resemble,A3
4421,reservation,A2
4422,reserve,A1
4424,reside,A3
4425,residence,A3
4426,resident,A1
4428,residential,A3
4429,residue,A3
4430,resign,A1
4431,resignation,A3
4432,resist,A1
4433,resistance,A3
4434,resolution,A1
4435,resolve,A1
4436,resort,A1
4437,resource,A2
4438,respect,A2
4440,respective,A3
4441,respectively,A3
4442,respond,A1
4443,response,A1
4444,responsibility,A2
4445,responsible,A2
4446,rest,A1
4448,restaurant,A1
4449,restoration,A3
4450,restore,A1
4451,restraint,A3
4452,restrict,A1
4453,restriction,A1
4454,result,A1
4456,resume,A3
4457,retail,A1
4458,retain,A1
4459,retire,A2
4460,retired,A2
4461,retirement,A1
4462,retreat,A3
4464,retrieve,A3
4465,return,A1
4467,reveal,A1
4468,revelation,A3
4469,revenge,A3
4470,revenue,A1
4471,reverse,A3
4474,review,A1
4476,revise,A2
4477,revision,A1
4478,revival,A3
4479,revive,A3
4480,revolution,A1
4481,revolutionary,A3
4482,reward,A1
4484,rhetoric,A3
4485,rhythm,A1
4486,rice,A1
4487,rich,A1
4488,rid,A1
4489,ride,A1
4491,ridiculous,A1
4492,rifle,A3
4493,right,A1
4496,ring,A1
4498,riot,A3
4499,rip,A3
4500,rise,A2
4502,risk,A2
4504,risky,A1
4505,ritual,A3
4506,rival,A1
4508,river,A1
4509,road,A1
4510,rob,A1
4511,robbery,A1
4512,robot,A2
4513,robust,A3
4514,rock,A1
4516,rocket,A1
4517,rod,A3
4518,role,A1
4519,roll,A2
4521,romance,A1
4522,romantic,A2
4523,roof,A1
4524,room,A1
4525,root,A1
4526,rope,A2
4527,rose,A1
4528,rotate,A3
4529,rotation,A3
4530,rough,A2
4531,roughly,A1
4532,round,A1
4536,route,A1
4537,routine,A1
4539,row,A2
4540,royal,A2
4541,rub,A1
4542,rubber,A1
4544,rubbish,A1
4545,rude,A1
4546,rugby,A2
4547,ruin,A1
4549,rule,A1
4551,ruling,A3
4552,rumour,A3
4553,run,A1
4555,runner,A1
4556,running,A1
4557,rural,A1
4558,rush,A1
4560,sack,A3
4561,sacred,A3
4562,sacrifice,A3
4564,sad,A1
4565,sadly,A1
4566,safe,A1
4567,safety,A2
4568,sail,A2
4570,sailing,A1
4571,sailor,A2
4572,saint,A3
4573,sake,A3
4574,salad,A1
4575,salary,A1
4576,sale,A1
4577,salt,A1
4578,same,A1
4581,sample,A2
4583,sanction,A3
4584,sand,A2
4585,sandwich,A1
4586,satellite,A1
4587,satisfaction,A1
4588,satisfied,A1
4589,satisfy,A1
4590,saturday,A1
4591,sauce,A1
4592,save,A1
4593,saving,A1
4594,say,A3
4596,scale,A1
4597,scan,A2
4598,scandal,A1
4599,scare,A1
4601,scared,A1
4602,scary,A1
4603,scattered,A3
4604,scenario,A1
4605,scene,A1
4606,sceptical,A3
4607,schedule,A1
4609,scheme,A1
4610,scholar,A1
4611,scholarship,A1
4612,school,A1
4613,science,A1
4614,scientific,A2
4615,scientist,A1
4616,scope,A3
4617,score,A1
4619,scratch,A1
4621,scream,A1
4623,screen,A1
4625,screening,A1
4626,screw,A3
4628,script,A2
4629,scrutiny,A3
4630,sculpture,A2
4631,sea,A1
4632,seal,A3
4634,search,A1
4636,season,A1
4637,seat,A1
4639,second,A1
4643,secondary,A2
4644,secondly,A1
4645,secret,A1
4647,secretary,A1
4648,section,A1
4649,sector,A1
4650,secular,A3
4651,secure,A1
4653,security,A2
4654,see,A1
4655,seed,A2
4656,seek,A1
4657,seeker,A1
4658,seem,A1
4659,seemingly,A3
4660,segment,A3
4661,seize,A3
4662,seldom,A3
4663,select,A1
4664,selection,A1
4665,selective,A3
4666,self,A1
4667,sell,A1
4668,seminar,A1
4669,senator,A3
4670,send,A1
4671,senior,A1
4672,sensation,A3
4673,sense,A1
4675,sensible,A2
4676,sensitive,A1
4677,sensitivity,A3
4678,sentence,A1
4680,sentiment,A3
4681,separate,A1
4683,separation,A3
4684,september,A1
4685,sequence,A1
4686,serial,A3
4687,series,A1
4688,serious,A1
4689,seriously,A2
4690,servant,A2
4691,serve,A1
4692,service,A1
4693,session,A1
4694,set,A2
4696,set-up,A3
4697,setting,A2
4698,settle,A1
4699,settlement,A3
4700,settler,A1
4701,seven,A1
4702,seventeen,A1
4703,seventy,A1
4704,several,A1
4706,severe,A1
4707,severely,A1
4708,sex,A2
4709,sexual,A2
4710,sexuality,A3
4711,sexy,A1
4712,shade,A1
4713,shadow,A1
4714,shake,A2
4716,shall,A1
4717,shallow,A1
4718,shame,A1
4719,shape,A1
4721,shaped,A1
4722,share,A2
4724,shareholder,A3
4725,sharp,A2
4726,shatter,A3
4727,she,A1
4728,shed,A3
4729,sheep,A1
4730,sheer,A3
4731,sheet,A1
4732,shelf,A2
4733,shell,A2
4734,shelter,A1
4736,shift,A2
4738,shine,A2
4739,shiny,A2
4740,ship,A1
4742,shipping,A3
4743,shirt,A1
4744,shock,A1
4746,shocked,A1
4747,shocking,A1
4748,shoe,A1
4749,shoot,A3
4751,shooting,A1
4752,shop,A1
4754,shopping,A1
4755,shore,A1
4756,short,A1
4757,short-term,A1
4758,shortage,A1
4759,shortly,A1
4760,shot,A1
4761,should,A1
4762,shoulder,A1
4763,shout,A1
4765,show,A1
4767,shower,A1
4768,shrink,A3
4769,shrug,A3
4770,shut,A1
4772,shy,A2
4773,sibling,A1
4774,sick,A1
4775,side,A1
4776,sigh,A3
4778,sight,A2
4779,sign,A1
4781,signal,A2
4783,signature,A1
4784,significance,A1
4785,significant,A1
4786,significantly,A1
4787,silence,A1
4788,silent,A2
4789,silk,A1
4790,silly,A2
4791,silver,A1
4793,similar,A1
4794,similarity,A2
4795,similarly,A2
4796,simple,A1
4797,simply,A2
4798,simulate,A3
4799,simulation,A3
4800,simultaneously,A3
4801,sin,A3
4802,since,A2
4805,sincere,A1
4806,sing,A1
4807,singer,A1
4808,singing,A1
4809,single,A1
4811,sink,A2
4812,sir,A1
4813,sister,A1
4814,sit,A1
4815,site,A1
4816,situated,A3
4817,situation,A1
4818,six,A1
4819,sixteen,A1
4820,sixty,A1
4821,size,A1
4822,sketch,A3
4823,ski,A1
4826,skiing,A1
4827,skill,A1
4828,skilled,A1
4829,skin,A1
4830,skip,A3
4831,skirt,A1
4832,skull,A1
4833,sky,A1
4834,slam,A3
4835,slap,A3
4836,slash,A3
4837,slave,A1
4838,slavery,A3
4839,sleep,A1
4841,slice,A2
4843,slide,A1
4845,slight,A1
4846,slightly,A2
4847,slip,A1
4848,slogan,A1
4849,slope,A1
4851,slot,A3
4852,slow,A1
4854,slowly,A1
4855,small,A1
4856,smart,A2
4857,smartphone,A1
4858,smash,A3
4859,smell,A1
4861,smile,A1
4863,smoke,A1
4865,smoking,A1
4866,smooth,A2
4867,snake,A1
4868,snap,A3
4869,snow,A1
4871,so,A1
4873,so-called,A1
4874,soak,A3
4875,soap,A1
4876,soar,A3
4877,soccer,A1
4878,social,A1
4879,socialist,A3
4880,society,A1
4881,sock,A1
4882,soft,A1
4883,software,A2
4884,soil,A2
4885,solar,A1
4886,soldier,A1
4887,sole,A3
4888,solely,A3
4889,solicitor,A3
4890,solid,A2
4892,solidarity,A3
4893,solo,A3
4895,solution,A1
4896,solve,A1
4897,some,A1
4899,somebody,A1
4900,somehow,A1
4901,someone,A1
4902,something,A1
4903,sometime,A1
4904,sometimes,A1
4905,somewhat,A1
4906,somewhere,A1
4908,son,A1
4909,song,A1
4910,soon,A1
4911,sophisticated,A1
4912,sorry,A1
4914,sort,A1
4916,soul,A1
4917,sound,A3
4920,soup,A1
4921,source,A1
4922,south,A1
4925,southern,A2
4926,sovereignty,A3
4927,space,A1
4928,spam,A3
4929,span,A3
4931,spare,A1
4933,spark,A3
4934,speak,A1
4935,speaker,A1
4936,special,A1
4937,specialist,A1
4939,specialize,A1
4940,specialized,A3
4941,species,A1
4942,specific,A1
4943,specifically,A2
4944,specification,A3
4945,specify,A1
4946,specimen,A3
4947,spectacle,A3
4948,spectacular,A1
4949,spectator,A1
4950,spectrum,A3
4951,speculate,A1
4952,speculation,A1
4953,speech,A1
4954,speed,A1
4956,spell,A3
4958,spelling,A1
4959,spend,A1
4960,spending,A2
4961,sphere,A3
4962,spice,A1
4963,spicy,A2
4964,spider,A1
4965,spill,A1
4966,spin,A3
4968,spine,A3
4969,spirit,A2
4970,spiritual,A1
4971,spite,A1
4972,split,A1
4974,spoil,A1
4975,spoken,A2
4976,spokesman,A1
4977,spokesperson,A1
4978,spokeswoman,A1
4979,sponsor,A1
4981,sponsorship,A1
4982,spoon,A1
4983,sport,A1
4984,sporting,A1
4985,spot,A2
4987,spotlight,A3
4988,spouse,A3
4989,spread,A1
4991,spring,A1
4993,spy,A3
4995,squad,A3
4996,square,A1
4998,squeeze,A3
4999,stab,A3
5000,stability,A3
5001,stabilize,A3
5002,stable,A1
5003,stadium,A2
5004,staff,A2
5005,stage,A1
5007,stair,A1
5008,stake,A3
5009,stall,A1
5010,stamp,A1
5011,stance,A1
5012,stand,A1
5014,standard,A2
5016,standing,A3
5017,star,A1
5019,stare,A1
5020,stark,A3
5021,start,A1
5023,starve,A1
5024,state,A2
5027,statement,A1
5028,station,A1
5029,statistic,A2
5030,statistical,A3
5031,statue,A2
5032,status,A1
5033,stay,A1
5035,steadily,A1
5036,steady,A1
5037,steal,A1
5038,steam,A1
5039,steel,A1
5040,steep,A1
5041,steer,A3
5042,stem,A3
5044,step,A1
5046,stereotype,A3
5047,stick,A2
5049,sticky,A1
5050,stiff,A1
5051,still,A2
5053,stimulate,A1
5054,stimulus,A3
5055,stir,A3
5056,stock,A1
5057,stomach,A1
5058,stone,A1
5059,stop,A1
5061,storage,A3
5062,store,A1
5064,storm,A1
5065,story,A1
5066,straight,A1
5068,straightforward,A3
5069,strain,A3
5070,strand,A3
5071,strange,A1
5072,stranger,A2
5073,strategic,A3
5074,strategy,A1
5075,stream,A1
5076,street,A1
5077,strength,A2
5078,strengthen,A1
5079,stress,A1
5081,stretch,A1
5083,strict,A1
5084,strictly,A1
5085,strike,A1
5087,striking,A3
5088,string,A2
5089,strip,A3
5091,strive,A3
5092,stroke,A1
5093,strong,A1
5094,strongly,A2
5095,structural,A3
5096,structure,A1
5098,struggle,A1
5100,student,A1
5101,studio,A2
5102,study,A1
5104,stuff,A2
5106,stumble,A3
5107,stun,A3
5108,stunning,A1
5109,stupid,A1
5110,style,A1
5111,subject,A1
5113,submission,A3
5114,submit,A1
5115,subscriber,A3
5116,subscription,A3
5117,subsequent,A1
5118,subsequently,A1
5119,subsidy,A3
5120,substance,A2
5121,substantial,A3
5122,substantially,A3
5123,substitute,A3
5125,substitution,A3
5126,subtle,A3
5127,suburb,A1
5128,suburban,A3
5129,succeed,A1
5130,success,A1
5131,successful,A1
5132,successfully,A2
5133,succession,A3
5134,successive,A3
5135,successor,A3
5136,such,A1
5138,suck,A3
5139,sudden,A2
5140,suddenly,A1
5141,sue,A3
5142,suffer,A2
5143,suffering,A1
5144,sufficient,A1
5145,sufficiently,A1
5146,sugar,A1
5147,suggest,A1
5148,suggestion,A1
5149,suicide,A3
5150,suit,A1
5152,suitable,A2
5153,suite,A3
5154,sum,A1
5156,summarize,A2
5157,summary,A2
5158,summer,A1
5159,summit,A3
5160,sun,A1
5161,sunday,A1
5162,super,A1
5163,superb,A3
5164,superior,A3
5165,supermarket,A1
5166,supervise,A3
5167,supervision,A3
5168,supervisor,A3
5169,supplement,A3
5171,supply,A2
5173,support,A1
5175,supporter,A2
5176,supportive,A3
5177,suppose,A1
5178,supposedly,A3
5179,suppress,A3
5180,supreme,A3
5181,sure,A1
5183,surely,A2
5184,surface,A2
5185,surge,A3
5187,surgeon,A1
5188,surgery,A1
5189,surgical,A3
5190,surplus,A3
5191,surprise,A1
5193,surprised,A1
5194,surprising,A1
5195,surrender,A3
5196,surround,A1
5197,surrounding,A1
5198,surveillance,A3
5199,survey,A1
5201,survival,A1
5202,survive,A2
5203,survivor,A1
5204,suspect,A1
5206,suspend,A1
5207,suspension,A3
5208,suspicion,A3
5209,suspicious,A3
5210,sustain,A3
5211,sustainable,A1
5212,swallow,A1
5213,swear,A1
5214,sweater,A1
5215,sweep,A1
5216,sweet,A1
5218,swim,A2
5220,swimming,A1
5221,swing,A3
5223,switch,A1
5225,sword,A3
5226,symbol,A1
5227,symbolic,A3
5228,sympathetic,A1
5229,sympathy,A1
5230,symptom,A2
5231,syndrome,A3
5232,synthesis,A3
5233,system,A1
5234,systematic,A3
5235,t-shirt,A1
5236,table,A1
5237,tablet,A1
5238,tackle,A3
5240,tactic,A3
5241,tactical,A3
5242,tag,A1
5244,tail,A2
5245,take,A1
5246,tale,A1
5247,talent,A2
5248,talented,A2
5249,talk,A1
5251,tall,A1
5252,tank,A1
5253,tap,A1
5255,tape,A2
5256,target,A1
5258,task,A1
5259,taste,A1
5261,tax,A2
5263,taxi,A1
5264,taxpayer,A3
5265,tea,A1
5266,teach,A1
5267,teacher,A1
5268,teaching,A1
5269,team,A1
5270,tear,A1
5272,technical,A2
5273,technique,A2
5274,technological,A1
5275,technology,A1
5276,teenage,A1
5277,teenager,A1
5278,teens,A1
5279,telephone,A1
5281,television,A1
5282,tell,A1
5283,temperature,A1
5284,temple,A1
5285,temporarily,A1
5286,temporary,A1
5287,tempt,A3
5288,ten,A1
5289,tenant,A3
5290,tend,A2
5291,tendency,A1
5292,tender,A3
5293,tennis,A1
5294,tension,A1
5295,tent,A2
5296,tenure,A3
5297,term,A1
5299,terminal,A3
5301,terminate,A3
5302,terms,A1
5303,terrain,A3
5304,terrible,A1
5305,terribly,A1
5306,terrific,A3
5307,terrify,A1
5308,territory,A1
5309,terror,A1
5310,terrorism,A1
5311,terrorist,A1
5312,test,A1
5314,testify,A3
5315,testimony,A3
5316,testing,A1
5317,text,A1
5319,textbook,A1
5320,texture,A3
5321,than,A1
5323,thank,A1
5324,thankfully,A3
5325,thanks,A1
5327,that,A2
5331,theatre,A1
5332,theatrical,A3
5333,theft,A1
5334,their,A1
5335,theirs,A2
5336,them,A1
5337,theme,A2
5338,themselves,A1
5339,then,A1
5340,theology,A3
5341,theoretical,A3
5342,theory,A2
5343,therapist,A1
5344,therapy,A1
5345,there,A1
5346,thereafter,A3
5347,thereby,A3
5348,therefore,A2
5349,thesis,A1
5350,they,A1
5351,thick,A1
5352,thief,A1
5353,thin,A1
5354,thing,A1
5355,think,A1
5356,thinking,A1
5357,third,A1
5359,thirsty,A1
5360,thirteen,A1
5361,thirty,A1
5362,this,A2
5365,thorough,A1
5366,thoroughly,A1
5367,though,A2
5369,thought,A1
5370,thought-provoking,A3
5371,thoughtful,A3
5372,thousand,A1
5373,thread,A3
5374,threat,A1
5375,threaten,A1
5376,three,A1
5377,threshold,A3
5378,thrilled,A3
5379,thrive,A3
5380,throat,A2
5381,through,A1
5383,throughout,A2
5385,throw,A1
5386,thumb,A1
5387,thursday,A1
5388,thus,A1
5389,ticket,A1
5390,tide,A3
5391,tidy,A1
5393,tie,A1
5395,tight,A2
5396,tighten,A3
5397,till,A2
5399,timber,A3
5400,time,A1
5402,timely,A3
5403,timing,A1
5404,tin,A2
5405,tiny,A2
5406,tip,A1
5408,tired,A1
5409,tissue,A1
5410,title,A1
5412,to,A1
5414,tobacco,A3
5415,today,A1
5417,toe,A2
5418,together,A1
5419,toilet,A1
5420,tolerance,A3
5421,tolerate,A3
5422,toll,A3
5423,tomato,A1
5424,tomorrow,A1
5426,ton,A1
5427,tone,A1
5428,tongue,A2
5429,tonight,A1
5431,tonne,A1
5432,too,A1
5433,tool,A1
5434,tooth,A1
5435,top,A1
5438,topic,A1
5439,torture,A3
5441,toss,A3
5442,total,A2
5445,totally,A2
5446,touch,A2
5448,tough,A1
5449,tour,A1
5451,tourism,A1
5452,tourist,A1
5453,tournament,A1
5454,towards,A1
5455,towel,A1
5456,tower,A1
5457,town,A1
5458,toxic,A3
5459,toy,A1
5461,trace,A3
5463,track,A1
5465,trade,A2
5467,trademark,A3
5468,trading,A1
5469,tradition,A1
5470,traditional,A1
5471,traffic,A1
5472,tragedy,A1
5473,tragic,A1
5474,trail,A3
5476,trailer,A3
5477,train,A1
5479,trainer,A1
5480,training,A1
5481,trait,A1
5482,transaction,A3
5483,transcript,A3
5484,transfer,A1
5486,transform,A1
5487,transformation,A3
5488,transit,A3
5489,transition,A1
5490,translate,A2
5491,translation,A2
5492,transmission,A3
5493,transmit,A1
5494,transparency,A3
5495,transparent,A3
5496,transport,A1
5498,transportation,A1
5499,trap,A1
5501,trauma,A3
5502,travel,A1
5504,traveller,A1
5505,treasure,A1
5506,treat,A2
5507,treatment,A2
5508,treaty,A3
5509,tree,A1
5510,tremendous,A3
5511,trend,A2
5512,trial,A1
5513,tribal,A3
5514,tribe,A1
5515,tribunal,A3
5516,tribute,A3
5517,trick,A2
5519,trigger,A3
5521,trillion,A1
5522,trio,A3
5523,trip,A1
5525,triumph,A3
5526,troop,A1
5527,trophy,A3
5528,tropical,A1
5529,trouble,A1
5531,troubled,A3
5532,trousers,A1
5533,truck,A1
5534,true,A1
5535,truly,A1
5536,trust,A1
5538,trustee,A3
5539,truth,A2
5540,try,A1
5542,tsunami,A1
5543,tube,A2
5544,tuesday,A1
5545,tuition,A3
5546,tune,A1
5547,tunnel,A1
5548,turn,A1
5550,turnout,A3
5551,turnover,A3
5552,tv,A1
5553,twelve,A1
5554,twenty,A1
5555,twice,A1
5556,twin,A1
5558,twist,A3
5560,two,A1
5561,type,A1
5563,typical,A1
5564,typically,A2
5565,tyre,A2
5566,ugly,A2
5567,ultimate,A1
5568,ultimately,A1
5569,umbrella,A1
5570,unable,A2
5571,unacceptable,A1
5572,uncertainty,A1
5573,uncle,A1
5574,uncomfortable,A2
5575,unconscious,A1
5576,under,A1
5578,undergo,A1
5579,undergraduate,A3
5580,underground,A1
5582,underlying,A3
5583,undermine,A3
5584,understand,A1
5585,understanding,A1
5586,undertake,A1
5587,underwear,A2
5588,undoubtedly,A3
5589,unemployed,A2
5590,unemployment,A2
5591,unexpected,A1
5592,unfair,A2
5593,unfold,A1
5594,unfortunate,A1
5595,unfortunately,A1
5596,unhappy,A1
5597,uniform,A1
5598,unify,A3
5599,union,A2
5600,unique,A1
5601,unit,A1
5602,unite,A1
5603,united,A1
5604,unity,A1
5605,universal,A1
5606,universe,A1
5607,university,A1
5608,unknown,A1
5609,unless,A2
5610,unlike,A2
5611,unlikely,A2
5612,unnecessary,A2
5613,unpleasant,A2
5614,unprecedented,A3
5615,until,A1
5617,unusual,A1
5618,unveil,A3
5619,up,A1
5621,upcoming,A3
5622,update,A2
5624,upgrade,A3
5626,uphold,A3
5627,upon,A2
5628,upper,A1
5629,upset,A2
5631,upstairs,A1
5633,upwards,A1
5634,urban,A1
5635,urge,A1
5636,urgent,A1
5637,us,A1
5638,usage,A1
5639,use,A1
5641,used,A2
5642,used to,A1
5643,useful,A1
5644,useless,A1
5645,user,A1
5646,usual,A1
5647,usually,A1
5648,utility,A3
5649,utilize,A3
5650,utterly,A3
5651,vacation,A1
5652,vacuum,A3
5653,vague,A3
5654,valid,A1
5655,validity,A3
5656,valley,A1
5657,valuable,A2
5658,value,A2
5660,van,A1
5661,vanish,A3
5662,variable,A3
5664,variation,A1
5665,varied,A3
5666,variety,A1
5667,various,A2
5668,vary,A1
5669,vast,A1
5670,vegetable,A1
5671,vehicle,A1
5672,vein,A3
5673,venture,A3
5675,venue,A1
5676,verbal,A3
5677,verdict,A3
5678,verify,A3
5679,verse,A3
5680,version,A2
5681,versus,A3
5682,vertical,A1
5683,very,A1
5685,vessel,A3
5686,veteran,A3
5687,via,A1
5688,viable,A3
5689,vibrant,A3
5690,vice,A3
5691,vicious,A3
5692,victim,A2
5693,victory,A1
5694,video,A1
5695,view,A1
5697,viewer,A2
5698,viewpoint,A1
5699,village,A1
5700,villager,A3
5701,violate,A3
5702,violation,A3
5703,violence,A1
5704,violent,A2
5705,virtual,A1
5706,virtue,A3
5707,virus,A1
5708,visa,A1
5709,visible,A1
5710,vision,A1
5711,visit,A1
5713,visitor,A1
5714,visual,A1
5715,vital,A1
5716,vitamin,A1
5717,vocal,A3
5718,voice,A1
5719,volume,A1
5720,voluntary,A1
5721,volunteer,A2
5723,vote,A2
5725,voting,A1
5726,vow,A3
5727,vulnerability,A3
5728,vulnerable,A3
5729,wage,A1
5730,wait,A1
5732,waiter,A1
5733,wake,A1
5734,walk,A1
5736,wall,A1
5737,wander,A1
5738,want,A1
5739,war,A1
5740,ward,A3
5741,warehouse,A3
5742,warfare,A3
5743,warm,A1
5745,warming,A1
5746,warn,A2
5747,warning,A2
5748,warrant,A3
5750,warrior,A3
5751,wash,A1
5753,washing,A1
5754,waste,A2
5757,watch,A1
5759,water,A1
5761,wave,A1
5763,way,A1
5765,we,A1
5766,weak,A1
5767,weaken,A3
5768,weakness,A1
5769,wealth,A1
5770,wealthy,A1
5771,weapon,A2
5772,wear,A1
5773,weather,A1
5774,weave,A3
5775,web,A1
5776,website,A1
5777,wedding,A1
5778,wednesday,A1
5779,weed,A3
5780,week,A1
5781,weekend,A1
5782,weekly,A1
5783,weigh,A2
5784,weight,A1
5785,weird,A1
5786,welcome,A1
5790,welfare,A1
5791,well,A1
5795,well-being,A3
5796,west,A1
5799,western,A2
5800,wet,A1
5801,what,A1
5803,whatever,A3
5806,whatsoever,A3
5807,wheat,A1
5808,wheel,A1
5809,when,A1
5812,whenever,A2
5813,where,A1
5815,whereas,A1
5816,whereby,A3
5817,wherever,A1
5818,whether,A2
5819,which,A1
5821,while,A1
5823,whilst,A3
5824,whip,A3
5825,whisper,A1
5827,white,A1
5829,who,A1
5830,whoever,A1
5831,whole,A1
5833,wholly,A3
5834,whom,A1
5835,whose,A1
5837,why,A1
5838,wide,A1
5839,widely,A1
5840,widen,A3
5841,widespread,A1
5842,widow,A3
5843,width,A3
5844,wife,A1
5845,wild,A1
5846,wildlife,A1
5847,will,A2
5849,willing,A1
5850,willingness,A3
5851,win,A2
5853,wind,A1
5855,window,A1
5856,wine,A1
5857,wing,A2
5858,winner,A1
5859,winter,A1
5860,wipe,A3
5861,wire,A1
5862,wisdom,A1
5863,wise,A1
5864,wish,A1
5866,wit,A3
5867,with,A1
5868,withdraw,A1
5869,withdrawal,A3
5870,within,A2
5871,without,A1
5872,witness,A1
5874,woman,A1
5875,wonder,A2
5877,wonderful,A1
5878,wood,A1
5879,wooden,A1
5880,wool,A2
5881,word,A1
5882,work,A1
5884,worker,A1
5885,workforce,A1
5886,working,A1
5887,workout,A3
5888,workplace,A1
5889,workshop,A1
5890,world,A1
5891,worldwide,A2
5893,worm,A1
5894,worried,A1
5895,worry,A2
5897,worse,A1
5900,worship,A3
5902,worst,A1
5905,worth,A2
5907,worthwhile,A3
5908,worthy,A3
5909,would,A1
5910,wound,A1
5912,wow,A1
5913,wrap,A1
5914,wrist,A1
5915,write,A1
5916,writer,A1
5917,writing,A1
5918,written,A2
5919,wrong,A1
5922,yard,A2
5923,yeah,A1
5924,year,A1
5925,yell,A3
5926,yellow,A1
5928,yes,A1
5929,yesterday,A1
5931,yet,A1
5933,yield,A3
5935,you,A1
5936,young,A1
5938,youngster,A3
5939,your,A1
5940,yours,A1
5941,yourself,A1
5942,youth,A2
5943,zero,A1
5944,zone,A1
